student_id,semester,course_section,age,class_level,first_gen_student,major_type,prior_gpa,study_hours_per_week,attendance_rate,part_time_work_hours,tutoring_sessions,extracurricular_activities,sleep_hours_per_night,anxiety_score,final_score,letter_grade,passed
STU0001,F23,C,24,Junior,Yes,STEM,3.25,14.7,0.963,21.5,2,0,6.8,5.0,84.3,B,Pass
STU0002,F23,A,21,Sophomore,Yes,STEM,2.8,5.7,0.712,4.2,2,2,5.0,5.0,78.7,C,Pass
STU0003,F23,B,24,Sophomore,No,Non-STEM,3.35,6.0,0.772,18.7,1,2,7.9,5.0,75.0,C,Pass
STU0004,F23,C,29,Sophomore,No,Non-STEM,3.97,6.6,0.948,0.4,0,4,7.8,5.0,85.6,B,Pass
STU0005,F24,C,23,Freshman,No,Non-STEM,2.74,17.4,0.638,0.0,3,0,4.3,7.0,68.8,D,Pass
STU0006,S24,C,19,Sophomore,Yes,Non-STEM,2.74,4.2,0.886,9.0,8,1,6.8,6.0,71.0,C,Pass
STU0007,S24,A,22,Senior,No,Non-STEM,4.0,19.3,0.776,4.3,3,0,4.7,3.0,86.2,B,Pass
STU0008,F23,B,24,Freshman,No,Non-STEM,3.44,9.4,0.89,5.4,3,2,5.9,7.0,76.2,C,Pass
STU0009,F23,B,30,Sophomore,Yes,Non-STEM,2.57,9.8,0.944,0.8,5,1,5.6,4.0,59.2,F,Fail
STU0010,F23,C,25,Senior,Yes,STEM,3.28,14.3,0.803,0.0,2,3,7.9,1.0,83.0,B,Pass
STU0011,S25,A,20,Sophomore,No,Non-STEM,2.58,8.7,0.734,0.5,3,2,7.0,6.0,70.8,C,Pass
STU0012,S25,C,22,Sophomore,No,STEM,2.57,15.7,0.59,12.8,5,2,,5.0,74.4,C,Pass
STU0013,S24,A,25,Sophomore,No,STEM,3.07,5.7,0.905,7.0,2,2,7.9,7.0,78.0,C,Pass
STU0014,S24,C,24,Sophomore,No,STEM,1.56,18.9,0.678,0.0,9,0,4.9,6.0,72.0,C,Pass
STU0015,F23,B,24,Sophomore,Yes,Non-STEM,1.69,6.0,0.962,0.0,4,2,7.2,7.0,59.8,F,Fail
STU0016,S25,B,19,Junior,Yes,Non-STEM,2.51,19.3,0.768,0.0,3,5,5.7,8.0,81.7,B,Pass
STU0017,F24,B,25,Sophomore,No,Non-STEM,2.19,6.1,0.868,7.9,4,3,6.3,5.0,77.5,C,Pass
STU0018,S25,A,23,Junior,No,Non-STEM,3.12,6.8,0.566,0.0,5,4,7.5,4.0,80.3,B,Pass
STU0019,S24,A,25,Sophomore,No,STEM,2.26,3.8,0.81,0.0,3,3,7.5,6.0,73.7,C,Pass
STU0020,S25,A,23,Freshman,No,Non-STEM,1.91,4.6,0.911,2.6,5,0,8.5,9.0,67.9,D,Pass
STU0021,S24,A,22,Junior,No,Non-STEM,3.93,8.0,0.756,0.0,1,1,6.7,3.0,82.7,B,Pass
STU0022,F23,A,27,Junior,Yes,STEM,2.74,9.6,0.74,16.1,2,0,7.2,6.0,76.3,C,Pass
STU0023,F24,C,24,Sophomore,No,Non-STEM,2.95,15.1,0.764,0.0,3,1,6.2,6.0,68.3,D,Pass
STU0024,F23,B,19,Freshman,No,STEM,1.9,7.1,0.77,10.2,4,0,7.0,6.0,61.6,D,Pass
STU0025,F23,A,23,Freshman,Yes,Non-STEM,2.52,3.4,0.841,2.9,4,2,7.4,6.0,62.2,D,Pass
STU0026,F24,C,21,Freshman,No,STEM,2.98,10.6,0.811,23.7,2,2,,5.0,65.7,D,Pass
STU0027,F24,B,21,Freshman,Yes,STEM,2.09,9.2,0.469,34.2,4,3,4.5,10.0,58.6,F,Fail
STU0028,F24,C,24,Junior,Yes,Non-STEM,3.16,11.3,0.891,0.0,2,3,7.2,3.0,80.6,B,Pass
STU0029,S24,B,23,Freshman,No,STEM,2.48,5.2,0.809,0.0,3,4,7.3,5.0,70.4,C,Pass
STU0030,F23,A,24,Junior,No,STEM,2.7,5.6,0.851,0.0,2,0,5.9,5.0,75.3,C,Pass
STU0031,S24,B,26,Freshman,Yes,Non-STEM,2.48,5.2,0.783,0.6,7,0,5.1,8.0,58.2,F,Fail
STU0032,F24,B,22,Freshman,No,STEM,4.0,16.8,0.918,3.8,0,2,8.7,2.0,88.7,B,Pass
STU0033,S24,A,26,Sophomore,No,Non-STEM,2.89,19.0,0.572,12.7,3,1,7.4,9.0,73.6,C,Pass
STU0034,F24,A,21,Freshman,No,Non-STEM,2.16,5.4,0.956,9.2,3,1,6.5,8.0,64.9,D,Pass
STU0035,S25,A,27,Senior,No,Non-STEM,3.48,5.5,0.873,0.0,1,1,5.3,5.0,83.2,B,Pass
STU0036,F24,A,21,Freshman,Yes,Non-STEM,2.05,12.3,0.721,6.1,4,1,5.7,5.0,66.6,D,Pass
STU0037,F23,B,20,Sophomore,Yes,STEM,3.05,20.3,0.765,14.2,2,2,8.5,7.0,76.4,C,Pass
STU0038,F23,B,24,Junior,Yes,STEM,1.53,22.9,0.844,0.0,5,2,7.0,5.0,63.4,D,Pass
STU0039,F23,A,22,Sophomore,Yes,Non-STEM,1.97,5.3,0.905,8.6,4,2,6.1,9.0,64.2,D,Pass
STU0040,S24,B,23,Freshman,Yes,Non-STEM,3.04,6.2,0.831,0.0,2,2,7.5,3.0,70.7,C,Pass
STU0041,F23,B,19,Sophomore,Yes,STEM,3.42,9.9,0.948,7.3,1,1,5.7,5.0,79.6,C,Pass
STU0042,F24,A,19,Junior,No,Non-STEM,3.02,10.2,0.824,7.6,2,1,8.8,,73.9,C,Pass
STU0043,S25,A,21,Senior,No,Non-STEM,2.82,7.3,0.823,0.0,2,1,8.6,4.0,78.0,C,Pass
STU0044,F23,A,25,Senior,No,Non-STEM,2.69,4.5,0.607,0.0,2,1,6.2,6.0,70.2,C,Pass
STU0045,S24,B,21,Freshman,Yes,Non-STEM,1.87,8.0,0.946,0.0,7,3,6.0,7.0,75.6,C,Pass
STU0046,S25,A,20,Senior,No,STEM,2.4,22.9,0.87,0.5,4,3,4.0,7.0,83.6,B,Pass
STU0047,F23,B,27,Freshman,Yes,Non-STEM,2.58,5.7,0.812,8.2,3,2,4.9,3.0,60.3,D,Pass
STU0048,F23,B,19,Freshman,No,STEM,3.64,9.5,0.748,0.0,1,1,5.1,6.0,73.2,C,Pass
STU0049,S25,B,23,Junior,Yes,Non-STEM,3.14,32.0,0.632,2.2,4,2,7.0,9.0,87.3,B,Pass
STU0050,F23,A,25,Freshman,No,Non-STEM,1.67,5.6,0.898,17.1,5,2,6.4,7.0,58.0,F,Fail
STU0051,S24,A,21,Freshman,No,Non-STEM,3.13,12.7,0.84,0.0,3,2,5.1,8.0,65.3,D,Pass
STU0052,F24,B,25,Freshman,No,STEM,2.63,23.5,0.711,0.0,2,2,6.4,5.0,87.7,B,Pass
STU0053,F24,C,29,Sophomore,Yes,Non-STEM,2.43,12.0,0.766,2.6,7,2,7.5,4.0,74.4,C,Pass
STU0054,S25,C,25,Junior,No,Non-STEM,3.33,16.1,0.758,25.0,3,2,7.5,6.0,76.7,C,Pass
STU0055,F24,B,22,Sophomore,No,Non-STEM,3.62,13.7,0.86,0.0,3,3,4.3,6.0,79.7,C,Pass
STU0056,F23,B,23,Freshman,Yes,Non-STEM,3.55,11.4,0.892,0.0,0,0,6.6,3.0,85.5,B,Pass
STU0057,F23,B,18,Sophomore,No,STEM,2.31,18.6,0.756,0.0,3,3,5.0,5.0,72.0,C,Pass
STU0058,S24,C,21,Senior,No,Non-STEM,2.68,12.4,0.795,22.7,2,0,8.0,8.0,68.2,D,Pass
STU0059,F24,A,18,Junior,No,Non-STEM,3.13,7.3,0.945,0.0,1,0,7.8,5.0,75.7,C,Pass
STU0060,S25,C,20,Freshman,No,Non-STEM,3.58,9.1,0.77,0.0,3,5,5.6,5.0,84.8,B,Pass
STU0061,F23,B,22,Senior,No,STEM,2.56,10.5,0.613,8.2,2,4,5.8,6.0,61.3,D,Pass
STU0062,S25,B,23,Junior,No,STEM,2.77,6.2,0.754,10.4,2,0,6.2,7.0,74.9,C,Pass
STU0063,F23,A,24,Freshman,No,Non-STEM,2.13,9.3,0.624,0.0,3,2,4.0,5.0,69.6,D,Pass
STU0064,F23,B,30,Freshman,No,Non-STEM,2.06,8.5,0.944,0.0,3,1,7.2,6.0,67.4,D,Pass
STU0065,S24,B,19,Freshman,No,STEM,3.47,12.4,0.672,13.5,1,2,6.4,4.0,78.5,C,Pass
STU0066,F24,A,20,Junior,No,STEM,3.85,27.2,0.973,0.0,2,3,8.1,6.0,100.0,A,Pass
STU0067,S24,A,23,Freshman,No,Non-STEM,2.85,9.7,0.597,0.0,3,4,5.4,4.0,82.6,B,Pass
STU0068,F24,C,25,Sophomore,Yes,STEM,3.6,20.6,0.839,11.1,0,2,6.0,7.0,83.3,B,Pass
STU0069,S25,B,20,Freshman,No,Non-STEM,3.15,12.1,0.824,0.0,2,1,4.8,4.0,74.6,C,Pass
STU0070,F24,B,23,Senior,Yes,Non-STEM,2.45,9.3,0.872,1.0,3,2,5.5,6.0,72.0,C,Pass
STU0071,S25,A,23,Freshman,Yes,Non-STEM,3.15,6.0,0.832,9.0,1,1,5.3,5.0,84.8,B,Pass
STU0072,F23,C,30,Senior,Yes,STEM,3.98,9.4,0.786,0.0,1,4,8.1,,89.5,B,Pass
STU0073,S25,C,19,Senior,No,Non-STEM,2.87,9.0,0.775,0.0,3,3,5.9,2.0,77.9,C,Pass
STU0074,S25,B,24,Freshman,Yes,STEM,4.0,4.9,0.899,1.1,1,2,7.0,2.0,87.2,B,Pass
STU0075,F23,B,26,Sophomore,No,Non-STEM,1.07,5.5,0.871,6.8,7,1,6.3,7.0,61.1,D,Pass
STU0076,S25,B,24,Freshman,No,STEM,3.48,10.5,0.775,2.3,0,1,5.1,5.0,85.0,B,Pass
STU0077,S25,B,28,Senior,Yes,Non-STEM,2.96,20.5,0.925,40.0,6,0,6.6,10.0,70.5,C,Pass
STU0078,F23,A,20,Sophomore,Yes,Non-STEM,2.69,7.9,0.833,0.0,4,3,7.6,5.0,69.4,D,Pass
STU0079,F23,C,18,Freshman,No,Non-STEM,2.96,2.5,0.772,14.0,5,2,5.2,5.0,65.8,D,Pass
STU0080,F23,B,27,Freshman,No,Non-STEM,1.51,1.0,0.92,0.0,4,1,7.9,,58.0,F,Fail
STU0081,F24,A,21,Sophomore,No,Non-STEM,2.75,3.7,0.878,1.2,6,2,5.7,6.0,67.9,D,Pass
STU0082,F23,B,22,Senior,No,Non-STEM,3.15,12.9,0.811,0.0,3,3,6.2,7.0,74.9,C,Pass
STU0083,F23,C,23,Junior,No,Non-STEM,3.93,2.9,0.641,0.0,2,0,7.5,6.0,87.5,B,Pass
STU0084,S25,A,23,Senior,No,Non-STEM,2.54,14.1,0.864,6.6,2,3,5.9,7.0,76.8,C,Pass
STU0085,S24,A,26,Sophomore,No,STEM,2.33,12.4,0.593,12.6,4,4,,8.0,71.2,C,Pass
STU0086,S24,B,24,Freshman,No,Non-STEM,2.55,7.7,0.745,0.0,7,4,6.4,8.0,63.7,D,Pass
STU0087,F24,A,19,Senior,No,STEM,3.54,4.9,0.82,0.0,2,1,7.0,5.0,71.2,C,Pass
STU0088,F24,C,22,Freshman,Yes,STEM,3.13,7.0,0.882,9.2,2,1,4.0,7.0,66.1,D,Pass
STU0089,S24,A,23,Senior,No,STEM,2.53,10.4,0.811,3.9,6,1,4.4,5.0,81.4,B,Pass
STU0090,S24,C,24,Sophomore,No,STEM,3.26,3.0,0.967,0.0,2,1,7.6,3.0,76.4,C,Pass
STU0091,F23,A,22,Freshman,No,Non-STEM,2.97,19.2,0.623,0.0,3,1,8.1,4.0,86.6,B,Pass
STU0092,S25,A,21,Junior,Yes,Non-STEM,3.58,10.3,0.664,0.0,1,2,5.6,4.0,86.0,B,Pass
STU0093,F23,C,26,Senior,No,Non-STEM,2.41,11.1,0.763,13.9,6,2,6.5,7.0,63.0,D,Pass
STU0094,F24,B,21,Senior,Yes,Non-STEM,2.67,12.4,0.781,3.5,2,3,7.2,8.0,80.4,B,Pass
STU0095,S24,B,25,Freshman,Yes,Non-STEM,2.63,18.1,0.812,0.8,3,0,7.7,5.0,75.8,C,Pass
STU0096,F24,A,26,Freshman,Yes,Non-STEM,1.88,9.4,0.988,14.1,5,2,4.2,9.0,73.5,C,Pass
STU0097,F23,B,23,Sophomore,No,STEM,3.11,12.9,0.758,0.0,3,3,5.6,4.0,81.0,B,Pass
STU0098,F24,B,20,Sophomore,Yes,Non-STEM,3.08,5.0,0.578,6.2,2,3,6.4,5.0,61.6,D,Pass
STU0099,F24,C,24,Junior,No,Non-STEM,2.9,23.0,0.808,5.4,5,4,7.7,3.0,77.5,C,Pass
STU0100,S25,C,22,Freshman,Yes,Non-STEM,2.74,9.0,0.727,0.0,6,3,10.0,4.0,63.5,D,Pass
STU0101,F24,B,30,Senior,No,Non-STEM,1.91,5.0,0.942,0.0,3,4,6.5,7.0,71.7,C,Pass
STU0102,F23,B,26,Sophomore,Yes,Non-STEM,2.61,6.0,0.779,40.0,3,1,5.0,9.0,59.7,F,Fail
STU0103,S25,B,25,Junior,Yes,STEM,2.66,1.5,0.675,2.3,2,2,7.3,7.0,55.4,F,Fail
STU0104,F24,B,27,Sophomore,No,STEM,2.34,6.0,0.651,0.0,3,0,8.5,6.0,69.8,D,Pass
STU0105,F23,A,18,Sophomore,No,Non-STEM,2.79,0.8,0.817,6.6,3,0,6.9,5.0,68.1,D,Pass
STU0106,S24,A,22,Senior,Yes,Non-STEM,3.18,13.5,0.785,7.1,4,1,5.6,9.0,71.2,C,Pass
STU0107,S25,A,27,Sophomore,Yes,Non-STEM,4.0,10.8,0.794,0.0,2,0,8.0,4.0,96.3,A,Pass
STU0108,F24,A,21,Senior,Yes,STEM,3.02,3.9,0.697,0.0,1,1,7.7,,74.5,C,Pass
STU0109,F24,A,19,Senior,No,STEM,3.08,8.0,0.853,0.0,1,1,5.5,4.0,77.6,C,Pass
STU0110,S25,B,23,Junior,No,Non-STEM,2.85,8.2,0.939,9.4,3,0,7.3,7.0,71.0,C,Pass
STU0111,F23,C,20,Sophomore,No,Non-STEM,1.56,3.3,0.546,0.0,5,4,8.1,8.0,48.3,F,Fail
STU0112,F24,B,20,Freshman,Yes,Non-STEM,2.88,7.1,0.664,0.0,2,0,8.3,5.0,66.6,D,Pass
STU0113,F23,A,22,Freshman,No,STEM,2.94,8.4,0.766,1.1,5,3,6.7,2.0,84.9,B,Pass
STU0114,S25,A,19,Freshman,Yes,STEM,4.0,6.9,0.929,15.0,3,1,6.3,5.0,80.2,B,Pass
STU0115,F24,B,22,Freshman,Yes,Non-STEM,2.77,5.0,0.951,0.0,2,4,8.4,7.0,73.2,C,Pass
STU0116,S24,A,23,Freshman,No,STEM,3.11,3.8,0.699,0.0,4,4,5.2,6.0,64.0,D,Pass
STU0117,S24,B,30,Freshman,No,Non-STEM,2.88,6.8,0.963,5.9,2,2,7.4,6.0,67.3,D,Pass
STU0118,S24,C,21,Sophomore,Yes,Non-STEM,2.08,5.4,0.961,6.4,5,2,5.0,4.0,67.5,D,Pass
STU0119,S25,A,22,Sophomore,No,STEM,3.7,11.9,0.881,7.6,1,0,8.2,4.0,87.5,B,Pass
STU0120,F24,A,25,Freshman,No,Non-STEM,3.43,18.8,0.804,0.0,1,5,6.5,5.0,96.3,A,Pass
STU0121,S25,B,21,Freshman,No,Non-STEM,3.45,14.6,0.794,1.3,4,3,8.4,5.0,89.7,B,Pass
STU0122,F24,C,21,Junior,No,STEM,2.26,8.6,0.791,4.4,3,4,7.4,8.0,64.4,D,Pass
STU0123,S24,C,27,Sophomore,No,STEM,3.88,5.1,0.668,13.1,2,2,5.2,5.0,75.4,C,Pass
STU0124,S24,C,29,Sophomore,No,Non-STEM,1.92,14.3,0.702,13.2,4,1,8.7,8.0,62.5,D,Pass
STU0125,F23,A,21,Sophomore,No,Non-STEM,3.31,12.3,0.715,0.0,1,4,8.8,5.0,93.0,A,Pass
STU0126,S25,C,21,Junior,No,Non-STEM,4.0,18.0,0.711,0.0,0,1,7.9,2.0,93.0,A,Pass
STU0127,S25,A,20,Sophomore,Yes,Non-STEM,2.21,9.4,0.594,2.6,4,2,5.8,3.0,71.6,C,Pass
STU0128,F23,A,25,Sophomore,No,Non-STEM,2.5,22.3,0.955,2.8,4,0,6.4,6.0,84.1,B,Pass
STU0129,S24,C,28,Senior,Yes,Non-STEM,2.97,9.4,0.77,0.3,2,4,7.0,5.0,80.5,B,Pass
STU0130,S24,C,24,Junior,Yes,Non-STEM,2.55,5.1,0.647,0.0,4,0,5.9,4.0,69.3,D,Pass
STU0131,S25,A,25,Sophomore,No,Non-STEM,1.81,5.8,0.527,2.8,5,1,9.0,4.0,73.4,C,Pass
STU0132,F24,A,27,Sophomore,Yes,STEM,2.95,11.5,0.897,3.1,3,2,7.0,6.0,68.6,D,Pass
STU0133,S24,A,30,Freshman,No,Non-STEM,2.16,5.4,0.719,0.0,4,3,4.0,5.0,70.6,C,Pass
STU0134,F23,A,24,Sophomore,No,Non-STEM,3.23,22.2,0.812,0.0,4,2,7.2,,85.9,B,Pass
STU0135,F23,A,21,Senior,No,Non-STEM,2.26,10.9,0.654,12.2,3,1,6.3,10.0,76.3,C,Pass
STU0136,F23,C,25,Sophomore,Yes,Non-STEM,3.98,8.4,0.856,0.9,0,0,6.7,1.0,90.4,A,Pass
STU0137,S25,B,27,Senior,Yes,STEM,2.35,8.9,0.823,1.7,3,3,6.3,5.0,70.9,C,Pass
STU0138,S25,C,22,Sophomore,No,Non-STEM,2.67,6.9,0.489,12.4,2,5,7.8,6.0,71.5,C,Pass
STU0139,S25,C,18,Senior,No,STEM,3.47,2.0,0.891,0.0,0,3,8.3,7.0,82.3,B,Pass
STU0140,S25,B,21,Sophomore,Yes,Non-STEM,2.04,5.8,0.916,0.0,4,2,7.2,3.0,69.5,D,Pass
STU0141,F23,C,19,Freshman,Yes,Non-STEM,3.06,20.5,0.784,9.8,1,4,6.4,9.0,89.0,B,Pass
STU0142,F23,B,18,Sophomore,No,Non-STEM,3.81,9.6,0.737,3.5,0,2,6.7,5.0,80.9,B,Pass
STU0143,S25,A,21,Freshman,Yes,Non-STEM,1.77,15.6,0.904,12.6,6,2,6.8,7.0,69.6,D,Pass
STU0144,S25,B,22,Freshman,No,Non-STEM,3.03,15.9,0.835,1.5,2,2,,5.0,84.4,B,Pass
STU0145,F23,B,24,Junior,No,STEM,3.08,8.0,0.8,0.0,1,2,7.6,4.0,75.0,C,Pass
STU0146,S25,C,25,Freshman,No,Non-STEM,3.45,12.4,0.753,6.9,1,3,7.4,7.0,76.7,C,Pass
STU0147,S25,C,21,Junior,No,Non-STEM,2.03,2.2,0.815,0.0,5,2,8.8,4.0,70.5,C,Pass
STU0148,S25,B,24,Freshman,Yes,Non-STEM,1.98,19.6,0.943,0.0,3,1,8.4,7.0,75.9,C,Pass
STU0149,S25,C,24,Freshman,No,STEM,3.27,18.6,0.857,0.0,2,1,5.9,4.0,73.5,C,Pass
STU0150,S24,A,24,Senior,No,Non-STEM,3.11,11.3,0.643,0.0,2,0,7.9,4.0,81.8,B,Pass
STU0151,S25,C,20,Sophomore,No,STEM,3.08,9.8,0.793,0.0,3,2,,9.0,68.8,D,Pass
STU0152,F23,B,25,Sophomore,No,Non-STEM,3.14,8.1,0.817,0.0,2,1,7.7,5.0,81.4,B,Pass
STU0153,F23,A,23,Sophomore,No,STEM,2.42,16.7,0.798,0.0,5,0,6.1,6.0,81.6,B,Pass
STU0154,F23,B,22,Sophomore,Yes,Non-STEM,3.06,13.3,0.769,0.0,1,2,5.5,7.0,84.8,B,Pass
STU0155,F23,B,20,Senior,No,Non-STEM,3.11,6.4,0.786,7.8,1,2,7.2,3.0,79.0,C,Pass
STU0156,S25,A,21,Junior,No,STEM,2.4,3.4,0.531,0.0,3,3,4.0,8.0,71.1,C,Pass
STU0157,S24,C,26,Sophomore,No,Non-STEM,4.0,2.9,0.82,0.0,0,2,4.5,1.0,75.2,C,Pass
STU0158,F24,A,24,Senior,No,Non-STEM,3.23,16.6,0.697,5.5,1,4,,4.0,87.0,B,Pass
STU0159,F24,C,21,Freshman,No,STEM,2.07,8.0,0.602,5.6,3,4,6.9,6.0,72.2,C,Pass
STU0160,F24,C,23,Sophomore,No,Non-STEM,3.36,11.2,0.896,5.8,2,3,6.3,6.0,73.2,C,Pass
STU0161,F24,A,24,Senior,No,STEM,2.22,8.7,0.906,0.0,4,2,4.7,6.0,81.4,B,Pass
STU0162,F23,B,21,Sophomore,Yes,STEM,3.45,2.9,0.749,12.6,1,1,5.7,5.0,69.3,D,Pass
STU0163,S25,C,25,Junior,No,STEM,3.71,2.2,0.958,0.0,2,5,7.3,,72.7,C,Pass
STU0164,S25,B,19,Junior,No,Non-STEM,2.33,6.1,0.931,0.0,3,1,7.6,4.0,72.8,C,Pass
STU0165,F24,B,25,Junior,No,Non-STEM,3.57,6.4,0.852,0.0,1,1,6.8,2.0,84.2,B,Pass
STU0166,F24,B,25,Senior,No,Non-STEM,3.19,6.4,0.717,0.5,2,2,8.3,6.0,79.6,C,Pass
STU0167,S24,B,23,Freshman,No,Non-STEM,3.48,6.6,0.808,0.0,0,0,7.3,5.0,73.6,C,Pass
STU0168,S24,C,22,Freshman,No,STEM,4.0,26.2,0.726,0.0,0,5,,6.0,92.0,A,Pass
STU0169,S24,A,20,Sophomore,No,Non-STEM,2.73,15.4,0.872,0.0,2,2,6.4,4.0,77.9,C,Pass
STU0170,F23,B,23,Junior,Yes,STEM,2.37,9.6,0.708,8.2,7,2,5.0,7.0,60.0,D,Pass
STU0171,S25,A,24,Freshman,Yes,Non-STEM,2.28,7.8,0.759,13.2,4,2,6.7,6.0,64.0,D,Pass
STU0172,F23,C,25,Freshman,No,STEM,2.33,8.0,0.85,0.0,2,2,8.2,,64.2,D,Pass
STU0173,F23,C,20,Freshman,No,STEM,2.85,13.0,0.951,24.6,4,0,7.7,9.0,72.0,C,Pass
STU0174,S25,A,21,Senior,Yes,Non-STEM,3.14,7.8,0.676,7.1,3,2,8.6,6.0,82.0,B,Pass
STU0175,S24,A,21,Junior,Yes,Non-STEM,3.09,14.5,0.601,5.0,2,3,6.4,5.0,71.9,C,Pass
STU0176,S25,A,19,Sophomore,No,STEM,3.48,10.3,0.77,0.0,3,2,8.5,6.0,84.5,B,Pass
STU0177,F24,B,27,Freshman,No,Non-STEM,2.91,26.3,0.83,6.9,2,3,6.5,7.0,77.6,C,Pass
STU0178,S24,B,28,Sophomore,No,STEM,3.92,7.5,0.865,0.0,0,1,8.7,3.0,87.4,B,Pass
STU0179,S25,C,20,Freshman,Yes,Non-STEM,2.71,16.1,0.744,6.2,3,1,6.8,4.0,71.0,C,Pass
STU0180,F23,B,30,Freshman,No,Non-STEM,4.0,3.7,0.917,0.0,0,1,7.7,,77.5,C,Pass
STU0181,S25,A,22,Senior,No,STEM,3.34,5.2,0.743,0.0,2,1,8.7,7.0,82.0,B,Pass
STU0182,S24,C,25,Senior,No,STEM,2.3,24.3,0.644,0.0,4,3,6.5,7.0,72.0,C,Pass
STU0183,F24,B,25,Freshman,No,STEM,2.15,14.1,0.667,11.0,7,3,7.1,5.0,67.5,D,Pass
STU0184,F23,B,18,Freshman,Yes,STEM,3.24,11.3,0.818,0.0,4,1,8.5,3.0,69.8,D,Pass
STU0185,F24,A,23,Freshman,No,STEM,2.74,30.3,0.789,1.4,5,2,6.6,7.0,92.7,A,Pass
STU0186,F24,B,20,Sophomore,Yes,Non-STEM,3.4,7.9,0.9,0.0,3,3,,3.0,83.8,B,Pass
STU0187,F23,C,18,Freshman,Yes,Non-STEM,3.23,16.1,0.628,4.9,5,1,9.6,6.0,77.3,C,Pass
STU0188,S25,B,23,Freshman,No,STEM,2.85,16.8,0.703,10.1,2,1,6.2,5.0,68.5,D,Pass
STU0189,S25,A,25,Freshman,No,Non-STEM,2.31,21.2,0.815,23.7,3,5,7.0,10.0,79.5,C,Pass
STU0190,F24,B,21,Junior,No,Non-STEM,1.84,3.3,0.905,1.0,4,2,8.3,,61.9,D,Pass
STU0191,S25,C,23,Junior,No,Non-STEM,2.59,7.9,0.87,0.9,5,5,6.0,7.0,66.9,D,Pass
STU0192,S24,A,28,Sophomore,No,Non-STEM,3.5,10.2,0.937,0.0,1,1,5.5,5.0,95.5,A,Pass
STU0193,F24,B,22,Sophomore,No,Non-STEM,3.05,21.0,0.678,2.9,3,3,7.1,5.0,78.3,C,Pass
STU0194,F24,C,19,Senior,Yes,Non-STEM,2.03,11.0,0.933,0.0,3,1,4.5,3.0,72.6,C,Pass
STU0195,F24,A,26,Senior,No,STEM,3.02,16.8,0.79,9.4,2,1,6.4,2.0,85.2,B,Pass
STU0196,S24,C,21,Freshman,Yes,STEM,3.17,3.1,0.823,21.5,3,2,7.1,6.0,68.4,D,Pass
STU0197,F24,B,21,Freshman,No,Non-STEM,2.28,6.7,0.702,0.0,3,1,6.4,6.0,69.1,D,Pass
STU0198,S25,B,22,Sophomore,Yes,STEM,3.01,18.6,0.966,0.0,2,1,4.8,3.0,85.6,B,Pass
STU0199,S25,B,21,Freshman,No,Non-STEM,2.94,7.3,0.704,9.8,2,1,,4.0,74.0,C,Pass
STU0200,S25,A,19,Sophomore,No,STEM,2.1,8.3,0.763,35.1,3,0,6.9,10.0,60.8,D,Pass
STU0201,S25,B,23,Sophomore,No,Non-STEM,3.15,20.8,0.746,6.4,3,3,8.7,6.0,90.1,A,Pass
STU0202,F24,A,23,Sophomore,No,STEM,3.29,4.3,0.849,4.8,1,2,6.5,5.0,70.7,C,Pass
STU0203,S24,B,22,Freshman,No,Non-STEM,3.66,5.2,0.638,11.2,1,0,5.7,6.0,78.9,C,Pass
STU0204,F23,A,23,Sophomore,No,Non-STEM,3.64,2.8,0.93,32.0,0,1,7.1,5.0,78.1,C,Pass
STU0205,S25,A,25,Senior,No,STEM,1.94,21.3,0.787,0.0,5,0,6.5,6.0,80.8,B,Pass
STU0206,F23,C,23,Freshman,No,STEM,2.24,15.3,0.971,0.0,3,2,5.3,,77.0,C,Pass
STU0207,F23,B,20,Junior,Yes,Non-STEM,3.26,15.0,0.823,0.3,2,0,8.7,,81.9,B,Pass
STU0208,F24,C,20,Freshman,Yes,STEM,3.26,6.5,0.856,1.4,3,3,6.0,5.0,64.6,D,Pass
STU0209,S25,A,30,Freshman,Yes,STEM,3.26,2.7,0.727,11.3,1,0,4.4,9.0,70.5,C,Pass
STU0210,S25,B,23,Sophomore,Yes,STEM,4.0,2.0,0.921,0.0,3,1,8.5,2.0,77.5,C,Pass
STU0211,S25,A,22,Freshman,No,Non-STEM,3.3,18.7,0.967,0.0,2,4,6.1,6.0,83.9,B,Pass
STU0212,F23,C,24,Freshman,Yes,Non-STEM,3.69,11.8,0.369,0.0,1,3,6.0,7.0,68.7,D,Pass
STU0213,S25,C,21,Freshman,Yes,Non-STEM,3.57,13.2,0.842,0.0,0,0,4.5,4.0,78.0,C,Pass
STU0214,S25,A,26,Sophomore,Yes,Non-STEM,3.36,9.9,0.78,0.0,5,3,9.1,6.0,78.9,C,Pass
STU0215,S24,C,21,Junior,No,Non-STEM,2.68,4.7,0.734,5.5,4,2,5.1,4.0,54.6,F,Fail
STU0216,F24,A,18,Freshman,No,Non-STEM,3.43,6.8,0.772,0.0,1,3,6.9,3.0,84.6,B,Pass
STU0217,S25,B,22,Junior,No,Non-STEM,2.36,3.8,0.789,9.9,3,2,8.0,7.0,76.4,C,Pass
STU0218,S25,C,20,Freshman,No,STEM,2.73,3.5,0.757,0.0,4,2,7.3,6.0,70.5,C,Pass
STU0219,F24,C,22,Sophomore,Yes,STEM,2.56,14.5,0.899,5.3,4,5,6.7,8.0,71.0,C,Pass
STU0220,F24,C,21,Sophomore,No,Non-STEM,2.96,2.2,0.831,0.0,3,1,4.6,7.0,67.5,D,Pass
STU0221,F23,A,24,Junior,No,Non-STEM,4.0,3.9,0.945,0.0,0,2,5.7,4.0,82.4,B,Pass
STU0222,F23,A,29,Senior,Yes,STEM,1.59,7.0,0.799,0.0,6,2,,8.0,65.9,D,Pass
STU0223,F23,A,25,Senior,No,STEM,3.38,8.8,0.874,12.3,1,0,5.8,5.0,78.8,C,Pass
STU0224,F24,B,23,Freshman,No,Non-STEM,1.77,2.8,0.664,3.6,4,0,7.1,8.0,55.5,F,Fail
STU0225,S24,C,23,Senior,No,Non-STEM,2.57,11.0,0.753,1.1,3,0,7.7,6.0,79.1,C,Pass
STU0226,S25,A,24,Freshman,No,STEM,3.66,9.6,0.633,0.0,6,2,8.1,5.0,75.2,C,Pass
STU0227,F24,B,28,Senior,Yes,Non-STEM,2.94,18.5,0.801,3.1,2,2,5.2,6.0,83.2,B,Pass
STU0228,S24,A,24,Freshman,Yes,Non-STEM,2.15,8.9,0.861,0.0,4,2,9.7,3.0,74.1,C,Pass
STU0229,F24,A,18,Sophomore,Yes,Non-STEM,2.4,11.7,0.773,0.0,4,0,7.8,,85.7,B,Pass
STU0230,S24,B,20,Freshman,Yes,Non-STEM,3.38,4.9,0.649,14.5,2,2,6.8,6.0,73.0,C,Pass
STU0231,F24,B,27,Freshman,Yes,STEM,2.39,5.1,0.766,18.7,5,4,8.2,5.0,63.4,D,Pass
STU0232,F24,C,23,Junior,No,Non-STEM,3.05,3.1,0.811,0.0,3,1,9.9,6.0,69.9,D,Pass
STU0233,S24,A,28,Senior,Yes,Non-STEM,2.93,4.9,0.659,0.0,1,2,4.9,6.0,73.2,C,Pass
STU0234,S24,C,25,Sophomore,No,Non-STEM,2.44,6.7,0.792,6.0,12,3,6.5,7.0,59.8,F,Fail
STU0235,S24,A,23,Junior,No,STEM,4.0,17.4,0.647,0.0,1,3,4.0,2.0,86.1,B,Pass
STU0236,S24,A,23,Junior,No,Non-STEM,3.34,4.4,0.786,0.0,3,2,7.1,7.0,68.5,D,Pass
STU0237,S24,B,21,Freshman,No,STEM,1.48,27.0,0.814,10.7,5,3,7.3,10.0,66.5,D,Pass
STU0238,S24,C,22,Freshman,No,STEM,3.03,12.3,0.693,40.0,4,1,6.7,9.0,64.5,D,Pass
STU0239,S24,A,19,Freshman,No,Non-STEM,2.44,10.8,0.88,2.2,2,4,5.9,6.0,76.5,C,Pass
STU0240,S24,A,20,Sophomore,No,Non-STEM,3.5,8.5,0.466,0.6,1,1,4.1,5.0,67.7,D,Pass
STU0241,F24,B,20,Freshman,No,Non-STEM,2.35,7.4,0.821,18.1,5,1,7.3,8.0,64.6,D,Pass
STU0242,S24,A,22,Freshman,No,Non-STEM,2.82,5.5,0.771,0.0,2,0,8.7,5.0,78.3,C,Pass
STU0243,S24,C,21,Freshman,Yes,Non-STEM,3.25,2.7,0.871,21.2,1,3,6.0,6.0,66.1,D,Pass
STU0244,F24,C,19,Freshman,No,Non-STEM,3.51,4.5,0.881,0.0,3,2,7.4,6.0,72.1,C,Pass
STU0245,F24,A,24,Senior,No,Non-STEM,2.06,21.2,0.866,0.0,5,1,4.8,9.0,74.9,C,Pass
STU0246,F23,B,21,Freshman,No,STEM,2.67,11.8,0.907,6.3,2,1,7.4,4.0,72.9,C,Pass
STU0247,F23,C,26,Sophomore,Yes,Non-STEM,2.57,21.1,0.632,0.0,5,4,6.3,5.0,72.5,C,Pass
STU0248,S24,A,24,Sophomore,No,Non-STEM,2.44,5.4,0.723,0.0,4,3,5.8,4.0,72.4,C,Pass
STU0249,S24,B,30,Sophomore,No,STEM,4.0,3.8,0.724,0.0,0,2,5.8,6.0,90.4,A,Pass
STU0250,F23,A,22,Freshman,Yes,Non-STEM,3.18,8.4,0.947,0.0,3,2,6.3,4.0,77.5,C,Pass
STU0251,F23,B,21,Freshman,No,Non-STEM,2.02,4.6,0.862,2.5,4,2,7.3,4.0,65.1,D,Pass
STU0252,S25,A,20,Freshman,No,STEM,3.54,9.6,0.613,8.5,0,1,5.1,6.0,77.9,C,Pass
STU0253,S25,C,25,Sophomore,No,Non-STEM,4.0,2.2,0.857,9.0,0,4,6.3,7.0,71.0,C,Pass
STU0254,S24,B,25,Freshman,No,Non-STEM,3.62,1.4,0.815,0.0,1,0,6.7,5.0,81.7,B,Pass
STU0255,S25,A,22,Sophomore,No,STEM,1.84,10.5,0.797,0.0,4,2,5.4,6.0,57.9,F,Fail
STU0256,F23,C,23,Junior,No,STEM,2.56,21.6,0.607,0.0,4,1,9.1,6.0,73.6,C,Pass
STU0257,S24,A,27,Sophomore,Yes,Non-STEM,3.79,10.8,0.662,0.0,2,2,5.7,6.0,87.4,B,Pass
STU0258,F24,B,25,Sophomore,No,Non-STEM,2.4,11.8,0.941,0.0,3,2,5.9,4.0,73.3,C,Pass
STU0259,F24,B,23,Sophomore,No,Non-STEM,3.21,8.7,0.977,8.3,3,2,5.5,5.0,72.8,C,Pass
STU0260,F23,A,19,Junior,No,Non-STEM,3.44,9.2,0.782,26.9,1,0,9.1,6.0,78.4,C,Pass
STU0261,S25,C,20,Freshman,No,Non-STEM,2.25,2.6,0.85,30.3,3,2,7.5,7.0,61.8,D,Pass
STU0262,F24,C,21,Junior,Yes,Non-STEM,2.86,4.8,0.818,0.0,4,1,,5.0,70.8,C,Pass
STU0263,S25,A,22,Junior,No,STEM,1.0,17.3,0.746,20.6,5,1,8.2,10.0,57.7,F,Fail
STU0264,F24,C,20,Sophomore,No,STEM,2.18,6.6,0.785,0.0,3,0,7.1,7.0,67.3,D,Pass
STU0265,S25,B,20,Freshman,Yes,Non-STEM,2.72,17.1,0.642,0.0,3,3,7.1,6.0,74.9,C,Pass
STU0266,F24,C,22,Sophomore,Yes,Non-STEM,2.03,9.1,0.925,9.4,4,2,6.4,,68.2,D,Pass
STU0267,F24,A,23,Freshman,Yes,Non-STEM,4.0,9.4,0.59,1.9,2,2,5.8,5.0,90.8,A,Pass
STU0268,S24,B,24,Freshman,No,Non-STEM,1.9,6.6,0.973,0.0,4,3,7.2,5.0,55.2,F,Fail
STU0269,S24,B,19,Freshman,Yes,Non-STEM,2.59,12.9,0.477,0.0,2,2,6.1,5.0,72.4,C,Pass
STU0270,F23,B,21,Freshman,Yes,Non-STEM,2.99,14.8,0.955,0.0,2,2,9.2,5.0,73.1,C,Pass
STU0271,F24,B,19,Sophomore,No,Non-STEM,3.91,4.6,0.719,10.4,1,1,5.1,5.0,88.7,B,Pass
STU0272,S25,A,22,Junior,No,Non-STEM,1.89,2.8,0.532,15.0,4,1,8.8,8.0,57.5,F,Fail
STU0273,F24,C,22,Freshman,Yes,Non-STEM,3.71,1.6,0.91,29.8,1,2,6.7,7.0,71.8,C,Pass
STU0274,S25,B,22,Senior,Yes,Non-STEM,2.91,11.4,0.82,0.0,4,2,7.2,4.0,77.4,C,Pass
STU0275,S25,C,22,Senior,Yes,STEM,2.21,10.6,0.824,0.0,6,3,7.9,10.0,62.9,D,Pass
STU0276,F24,A,21,Senior,Yes,Non-STEM,3.22,31.5,0.858,6.0,1,3,6.0,7.0,87.1,B,Pass
STU0277,S25,B,22,Junior,Yes,Non-STEM,3.04,8.7,0.803,0.0,2,1,7.9,5.0,84.5,B,Pass
STU0278,F23,C,24,Sophomore,No,STEM,2.48,7.7,0.631,0.0,3,0,4.0,,71.0,C,Pass
STU0279,S24,B,21,Freshman,Yes,Non-STEM,2.95,9.8,0.759,9.2,6,2,5.9,5.0,83.1,B,Pass
STU0280,S25,C,20,Sophomore,No,Non-STEM,2.63,10.2,0.789,13.5,12,1,5.6,6.0,67.8,D,Pass
STU0281,F24,C,23,Sophomore,No,STEM,2.98,7.3,0.568,6.5,2,0,5.2,6.0,69.0,D,Pass
STU0282,S24,B,25,Junior,No,Non-STEM,3.36,4.7,0.86,15.7,2,4,6.5,3.0,72.8,C,Pass
STU0283,F23,B,19,Senior,No,STEM,4.0,8.4,0.764,8.9,0,1,,2.0,80.9,B,Pass
STU0284,S25,A,19,Sophomore,No,STEM,2.03,8.2,0.479,0.9,3,4,7.7,5.0,62.5,D,Pass
STU0285,S25,B,19,Freshman,No,Non-STEM,4.0,8.1,0.821,2.6,0,3,7.1,4.0,83.6,B,Pass
STU0286,S24,A,22,Freshman,No,Non-STEM,1.53,13.7,0.758,0.0,5,3,5.9,6.0,65.2,D,Pass
STU0287,S25,C,30,Freshman,Yes,Non-STEM,2.79,8.3,0.638,0.0,2,1,7.3,7.0,71.4,C,Pass
STU0288,F24,B,28,Sophomore,Yes,Non-STEM,3.31,2.9,0.713,0.0,1,1,7.0,2.0,76.1,C,Pass
STU0289,S24,B,23,Sophomore,No,Non-STEM,3.1,5.3,0.603,1.5,3,2,8.0,4.0,74.6,C,Pass
STU0290,S24,A,19,Junior,No,STEM,2.46,7.2,0.682,0.0,3,1,7.8,8.0,79.6,C,Pass
STU0291,S25,C,28,Sophomore,No,STEM,2.75,8.6,0.558,2.8,3,1,6.8,6.0,67.7,D,Pass
STU0292,F23,A,29,Senior,No,Non-STEM,2.55,11.6,0.764,0.0,2,1,5.6,7.0,78.8,C,Pass
STU0293,F23,A,20,Sophomore,No,STEM,2.49,8.6,0.731,0.0,2,1,6.0,9.0,82.0,B,Pass
STU0294,F23,A,22,Junior,No,Non-STEM,3.49,1.4,0.605,4.0,1,1,6.1,4.0,81.6,B,Pass
STU0295,F23,C,25,Freshman,No,Non-STEM,3.15,3.2,0.936,0.0,1,3,6.4,5.0,78.2,C,Pass
STU0296,S24,C,28,Senior,No,Non-STEM,2.41,12.1,0.686,0.0,3,1,7.1,5.0,68.4,D,Pass
STU0297,S24,B,22,Junior,No,STEM,3.53,7.1,0.954,0.0,0,0,7.7,1.0,83.7,B,Pass
STU0298,S25,C,26,Freshman,No,Non-STEM,3.12,9.1,0.725,28.1,2,2,6.7,7.0,60.0,D,Pass
STU0299,F23,A,24,Freshman,Yes,Non-STEM,3.47,6.5,0.914,0.0,1,5,6.8,6.0,83.7,B,Pass
STU0300,F23,C,23,Senior,No,STEM,3.34,5.3,0.897,13.3,2,1,7.0,7.0,72.4,C,Pass
STU0301,S25,A,23,Freshman,Yes,Non-STEM,2.32,6.7,0.923,2.5,4,0,6.1,7.0,71.7,C,Pass
STU0302,S25,A,30,Sophomore,Yes,Non-STEM,2.51,9.2,0.87,0.0,2,2,5.6,5.0,80.4,B,Pass
STU0303,S25,A,23,Freshman,No,Non-STEM,3.42,8.3,0.756,0.0,1,4,4.5,3.0,74.9,C,Pass
STU0304,F24,B,24,Junior,Yes,STEM,3.33,14.8,0.901,0.0,1,3,5.9,6.0,90.4,A,Pass
STU0305,S25,C,30,Junior,No,STEM,2.89,2.4,0.938,4.5,3,2,7.4,5.0,73.9,C,Pass
STU0306,S25,B,24,Sophomore,Yes,Non-STEM,2.98,2.7,0.807,0.0,2,1,5.9,5.0,71.5,C,Pass
STU0307,F24,C,21,Sophomore,No,STEM,3.79,7.0,0.785,0.0,1,2,6.5,4.0,77.7,C,Pass
STU0308,F23,B,22,Senior,Yes,STEM,2.49,11.6,0.65,6.1,3,0,7.4,8.0,72.2,C,Pass
STU0309,S24,A,20,Junior,No,STEM,3.28,13.3,0.912,3.4,4,2,,6.0,91.0,A,Pass
STU0310,F23,B,22,Senior,Yes,STEM,2.76,5.4,0.456,0.0,3,3,5.4,3.0,69.5,D,Pass
STU0311,S24,B,22,Sophomore,No,STEM,2.75,0.6,0.764,0.0,3,5,8.1,3.0,70.8,C,Pass
STU0312,S24,C,21,Freshman,No,STEM,3.67,5.5,0.671,16.4,1,1,8.3,6.0,71.7,C,Pass
STU0313,S25,B,23,Sophomore,No,Non-STEM,3.48,10.6,0.837,40.0,5,0,5.3,8.0,79.2,C,Pass
STU0314,S25,B,19,Junior,Yes,Non-STEM,3.47,8.1,0.756,6.9,3,2,5.7,4.0,75.3,C,Pass
STU0315,F24,A,30,Freshman,Yes,Non-STEM,3.81,11.9,0.654,23.7,0,3,8.3,8.0,78.7,C,Pass
STU0316,F23,B,22,Freshman,Yes,Non-STEM,2.91,16.9,0.774,10.0,4,3,,6.0,84.4,B,Pass
STU0317,F23,C,22,Freshman,No,Non-STEM,3.38,7.4,0.763,2.1,1,1,4.0,5.0,74.3,C,Pass
STU0318,S24,A,28,Sophomore,No,Non-STEM,2.68,6.0,0.649,14.1,4,1,5.0,8.0,73.4,C,Pass
STU0319,S25,C,24,Junior,No,Non-STEM,3.13,4.2,0.941,0.0,3,2,6.5,4.0,68.8,D,Pass
STU0320,S25,B,21,Freshman,Yes,Non-STEM,2.81,2.7,0.863,12.6,2,1,,9.0,65.3,D,Pass
STU0321,F23,A,22,Junior,No,Non-STEM,2.97,2.1,0.936,0.0,3,3,6.3,4.0,83.2,B,Pass
STU0322,F24,C,27,Senior,No,Non-STEM,3.32,5.0,0.734,0.0,1,2,6.8,6.0,69.0,D,Pass
STU0323,S25,B,27,Freshman,Yes,Non-STEM,2.33,15.5,0.815,27.8,3,3,8.7,10.0,66.6,D,Pass
STU0324,F24,A,21,Junior,No,Non-STEM,4.0,12.6,0.839,0.0,0,2,6.4,2.0,91.1,A,Pass
STU0325,F23,A,28,Senior,No,STEM,2.2,5.8,0.644,8.0,4,3,8.2,6.0,62.4,D,Pass
STU0326,F23,A,19,Senior,Yes,STEM,2.05,27.2,0.955,0.0,3,1,8.7,8.0,81.1,B,Pass
STU0327,F24,C,29,Freshman,Yes,STEM,3.71,5.3,0.821,4.7,0,3,8.7,6.0,76.6,C,Pass
STU0328,S25,B,24,Freshman,Yes,STEM,3.45,17.9,0.895,40.0,2,1,7.2,8.0,75.9,C,Pass
STU0329,F23,C,28,Freshman,No,STEM,3.34,20.4,0.834,13.2,1,2,4.2,5.0,85.8,B,Pass
STU0330,S24,A,25,Junior,Yes,Non-STEM,3.34,11.1,0.44,0.0,1,1,7.4,6.0,86.2,B,Pass
STU0331,F23,A,21,Junior,Yes,Non-STEM,2.89,5.0,0.932,0.0,2,2,8.2,7.0,71.9,C,Pass
STU0332,S25,A,22,Junior,No,Non-STEM,2.27,6.4,0.708,11.7,3,1,6.7,5.0,68.5,D,Pass
STU0333,S24,B,21,Freshman,Yes,STEM,2.95,9.3,0.946,0.0,2,1,9.1,3.0,82.4,B,Pass
STU0334,F23,C,21,Freshman,Yes,Non-STEM,2.43,2.8,0.822,0.3,2,5,7.9,6.0,73.2,C,Pass
STU0335,S25,B,24,Sophomore,No,Non-STEM,3.58,3.9,0.924,7.2,5,1,7.5,6.0,80.4,B,Pass
STU0336,S25,A,19,Sophomore,Yes,STEM,2.8,3.7,0.985,0.0,3,3,8.2,5.0,77.6,C,Pass
STU0337,F23,C,22,Junior,No,Non-STEM,2.32,11.6,0.731,0.0,3,5,7.2,7.0,71.9,C,Pass
STU0338,S25,C,23,Sophomore,No,Non-STEM,2.68,16.8,0.809,0.0,2,0,4.0,4.0,78.7,C,Pass
STU0339,F24,A,19,Freshman,No,Non-STEM,3.19,12.9,0.826,2.2,2,2,6.2,2.0,78.6,C,Pass
STU0340,S24,C,24,Freshman,No,STEM,2.51,15.2,0.829,0.0,3,1,8.4,5.0,75.4,C,Pass
STU0341,F24,A,25,Freshman,Yes,Non-STEM,2.32,4.7,0.62,0.0,3,0,5.8,6.0,75.5,C,Pass
STU0342,F23,A,24,Freshman,No,Non-STEM,3.07,6.6,0.852,0.0,1,2,6.5,4.0,77.4,C,Pass
STU0343,F24,A,24,Freshman,No,Non-STEM,3.07,6.9,0.818,4.6,4,4,5.4,3.0,78.0,C,Pass
STU0344,F23,B,23,Freshman,No,Non-STEM,2.55,11.1,0.844,0.0,2,0,9.1,3.0,74.8,C,Pass
STU0345,F23,B,20,Freshman,No,Non-STEM,2.57,5.1,0.937,0.0,3,2,9.0,5.0,61.0,D,Pass
STU0346,S25,A,29,Freshman,No,Non-STEM,3.06,14.6,0.791,1.9,4,2,5.7,6.0,81.1,B,Pass
STU0347,S25,A,18,Junior,No,STEM,1.89,20.1,0.713,0.9,5,3,7.0,8.0,76.0,C,Pass
STU0348,F23,C,22,Freshman,No,Non-STEM,1.91,11.4,0.992,20.1,4,0,5.9,10.0,59.2,F,Fail
STU0349,S24,C,21,Junior,No,STEM,2.4,6.4,0.525,0.0,4,2,7.6,4.0,59.7,F,Fail
STU0350,S24,C,23,Junior,No,Non-STEM,2.75,4.4,0.916,0.0,2,2,,3.0,66.8,D,Pass
STU0351,S24,A,20,Sophomore,No,Non-STEM,3.12,3.7,0.849,15.1,3,2,7.9,7.0,76.7,C,Pass
STU0352,F24,A,27,Senior,No,STEM,3.93,1.4,0.934,0.0,0,4,7.2,5.0,92.3,A,Pass
STU0353,F23,A,19,Freshman,No,Non-STEM,3.5,7.1,0.922,7.8,3,3,10.0,6.0,88.2,B,Pass
STU0354,S25,A,21,Junior,No,Non-STEM,2.79,6.8,0.666,12.3,6,0,5.5,3.0,65.3,D,Pass
STU0355,F24,B,22,Senior,No,STEM,2.89,14.0,0.852,0.0,5,2,4.6,4.0,82.7,B,Pass
STU0356,F24,B,24,Senior,Yes,Non-STEM,2.2,5.4,0.755,11.7,6,1,6.3,7.0,60.5,D,Pass
STU0357,S25,C,24,Freshman,No,STEM,2.89,7.3,0.537,18.1,2,1,,7.0,60.6,D,Pass
STU0358,F23,B,26,Freshman,Yes,Non-STEM,2.7,9.9,0.69,0.0,2,2,4.9,6.0,69.8,D,Pass
STU0359,F24,A,25,Freshman,No,STEM,3.13,11.3,0.84,5.3,2,1,5.5,5.0,83.2,B,Pass
STU0360,F23,A,22,Sophomore,No,Non-STEM,2.32,13.1,0.906,0.0,4,2,5.6,6.0,80.9,B,Pass
STU0361,F23,B,26,Junior,Yes,Non-STEM,3.26,9.3,0.86,0.0,4,5,5.6,5.0,77.8,C,Pass
STU0362,F23,A,22,Freshman,No,Non-STEM,3.97,2.9,0.705,0.0,0,0,,5.0,81.0,B,Pass
STU0363,S25,A,19,Sophomore,No,STEM,2.82,10.7,0.632,24.6,5,4,6.1,8.0,71.8,C,Pass
STU0364,F23,B,19,Junior,Yes,Non-STEM,3.18,5.1,0.693,5.0,3,2,6.6,5.0,75.6,C,Pass
STU0365,F24,A,22,Sophomore,No,Non-STEM,3.38,17.3,0.899,17.6,6,2,8.0,6.0,89.3,B,Pass
STU0366,S25,A,20,Senior,No,STEM,2.62,8.4,0.964,0.0,5,3,5.8,5.0,70.2,C,Pass
STU0367,S25,C,22,Junior,Yes,Non-STEM,3.06,9.7,0.941,25.7,1,1,6.5,8.0,68.8,D,Pass
STU0368,F24,C,25,Freshman,No,STEM,2.91,33.0,0.906,0.0,1,2,7.3,5.0,83.1,B,Pass
STU0369,S25,A,21,Sophomore,No,Non-STEM,2.97,13.2,0.811,8.7,1,2,4.3,6.0,77.4,C,Pass
STU0370,F24,A,18,Freshman,Yes,Non-STEM,2.36,10.6,0.976,0.0,3,1,,,73.0,C,Pass
STU0371,S24,C,24,Sophomore,Yes,Non-STEM,2.92,7.5,0.613,0.0,3,4,7.2,5.0,70.1,C,Pass
STU0372,F24,A,21,Senior,No,Non-STEM,3.25,3.1,0.861,0.0,3,3,7.4,4.0,74.1,C,Pass
STU0373,S25,B,22,Senior,No,Non-STEM,3.92,7.1,0.899,0.9,3,0,9.5,5.0,76.1,C,Pass
STU0374,F24,A,30,Sophomore,Yes,STEM,3.57,4.3,0.62,0.0,2,0,7.0,2.0,69.1,D,Pass
STU0375,S24,A,26,Freshman,Yes,Non-STEM,4.0,21.6,0.811,33.3,0,2,7.9,5.0,86.1,B,Pass
STU0376,F23,C,27,Freshman,No,Non-STEM,2.36,10.6,0.776,0.0,3,0,6.5,6.0,66.7,D,Pass
STU0377,F23,C,21,Sophomore,No,Non-STEM,3.51,16.9,0.798,0.0,0,2,7.2,5.0,78.8,C,Pass
STU0378,F23,A,30,Freshman,No,Non-STEM,3.03,5.3,0.673,7.9,2,0,9.0,4.0,81.4,B,Pass
STU0379,S25,A,20,Sophomore,No,STEM,4.0,4.6,0.952,1.2,0,2,4.0,3.0,80.3,B,Pass
STU0380,S24,A,19,Freshman,No,Non-STEM,2.33,12.4,0.809,17.5,2,0,7.3,6.0,78.6,C,Pass
STU0381,F24,A,30,Freshman,No,STEM,2.31,4.2,0.713,0.0,3,1,9.6,5.0,78.7,C,Pass
STU0382,F24,C,18,Freshman,No,STEM,2.48,6.0,0.755,0.0,2,2,7.2,7.0,56.9,F,Fail
STU0383,F24,B,21,Senior,No,Non-STEM,1.41,22.2,0.815,0.0,6,2,8.9,8.0,72.0,C,Pass
STU0384,F24,B,24,Junior,No,STEM,2.53,6.2,0.903,21.8,3,5,6.0,7.0,63.9,D,Pass
STU0385,S25,C,22,Freshman,No,STEM,2.37,2.6,0.896,0.9,3,3,6.8,5.0,51.2,F,Fail
STU0386,S25,C,21,Freshman,No,Non-STEM,3.01,1.8,0.917,25.6,2,1,6.8,5.0,57.6,F,Fail
STU0387,S24,C,23,Sophomore,No,STEM,3.14,2.3,0.979,3.6,6,0,4.0,7.0,73.6,C,Pass
STU0388,F24,A,22,Freshman,No,STEM,4.0,17.5,0.883,0.0,0,3,5.3,5.0,100.0,A,Pass
STU0389,F23,A,23,Sophomore,Yes,STEM,3.57,5.5,0.957,33.0,1,4,5.4,6.0,78.6,C,Pass
STU0390,S25,B,28,Junior,No,STEM,2.5,32.4,0.773,13.6,4,3,7.9,8.0,83.7,B,Pass
STU0391,S24,B,25,Sophomore,No,Non-STEM,2.27,20.2,0.78,6.4,4,0,7.9,6.0,75.5,C,Pass
STU0392,S24,C,22,Sophomore,Yes,Non-STEM,3.24,25.3,0.809,0.0,5,5,7.2,4.0,94.2,A,Pass
STU0393,S25,B,23,Sophomore,No,Non-STEM,1.98,15.4,0.88,0.0,4,1,7.9,7.0,83.2,B,Pass
STU0394,F23,C,18,Senior,Yes,Non-STEM,4.0,12.0,0.682,0.0,0,3,6.6,3.0,79.5,C,Pass
STU0395,F23,A,22,Senior,No,STEM,3.73,4.5,0.892,0.0,0,4,8.4,4.0,73.2,C,Pass
STU0396,F24,C,24,Sophomore,Yes,STEM,2.57,8.2,0.755,0.0,3,1,6.8,6.0,58.4,F,Fail
STU0397,S25,A,20,Freshman,No,STEM,1.7,12.8,0.771,0.0,4,4,6.9,6.0,77.0,C,Pass
STU0398,F23,C,21,Sophomore,No,Non-STEM,3.85,14.8,0.744,5.3,0,1,6.5,5.0,81.3,B,Pass
STU0399,S25,A,26,Freshman,Yes,Non-STEM,2.82,3.4,0.718,0.0,3,5,7.7,8.0,72.9,C,Pass
STU0400,S24,B,20,Sophomore,No,Non-STEM,3.77,7.2,0.777,0.0,1,1,6.3,3.0,72.3,C,Pass
STU0401,S24,C,26,Sophomore,Yes,STEM,1.78,7.8,0.838,0.0,3,4,8.1,4.0,61.2,D,Pass
STU0402,S24,B,30,Freshman,No,STEM,2.48,7.6,0.45,17.2,4,0,5.3,4.0,62.5,D,Pass
STU0403,S25,B,21,Freshman,No,Non-STEM,2.9,3.7,0.824,9.3,3,3,5.4,6.0,70.4,C,Pass
STU0404,F24,C,20,Sophomore,Yes,STEM,2.93,23.6,0.938,22.1,2,2,7.7,6.0,76.2,C,Pass
STU0405,F24,B,21,Senior,No,Non-STEM,2.58,7.0,0.725,0.0,3,2,6.7,6.0,65.3,D,Pass
STU0406,F23,B,29,Sophomore,Yes,Non-STEM,3.34,3.9,0.927,5.5,2,1,6.2,5.0,71.4,C,Pass
STU0407,S25,A,20,Junior,No,Non-STEM,2.15,23.9,0.869,0.0,4,3,8.0,3.0,89.1,B,Pass
STU0408,F24,C,20,Freshman,No,Non-STEM,2.8,20.2,0.935,0.0,2,1,6.0,2.0,82.4,B,Pass
STU0409,S25,B,18,Sophomore,No,Non-STEM,2.98,9.0,0.706,0.0,2,2,6.5,5.0,77.9,C,Pass
STU0410,F24,B,21,Sophomore,No,Non-STEM,3.26,5.9,0.819,0.0,2,1,8.6,5.0,72.4,C,Pass
STU0411,S24,A,23,Junior,No,Non-STEM,3.4,2.1,0.618,0.0,5,4,8.8,4.0,62.0,D,Pass
STU0412,S24,B,28,Freshman,No,STEM,2.11,11.5,0.743,30.7,4,0,8.8,6.0,61.2,D,Pass
STU0413,F23,A,21,Sophomore,No,Non-STEM,1.83,5.6,0.91,6.7,3,1,6.4,7.0,62.0,D,Pass
STU0414,S24,A,24,Freshman,Yes,Non-STEM,3.79,8.1,0.573,0.0,1,1,8.4,6.0,83.5,B,Pass
STU0415,F24,B,21,Freshman,No,STEM,3.13,22.7,0.838,9.7,4,2,5.6,6.0,99.0,A,Pass
STU0416,F23,A,19,Senior,Yes,Non-STEM,2.38,5.3,0.654,0.0,2,1,5.6,4.0,73.7,C,Pass
STU0417,F23,A,28,Freshman,Yes,STEM,3.99,11.1,0.57,0.0,6,2,4.0,4.0,98.1,A,Pass
STU0418,S24,B,23,Freshman,No,Non-STEM,2.98,13.3,0.902,16.6,6,3,9.0,4.0,79.9,C,Pass
STU0419,S25,A,25,Sophomore,No,Non-STEM,3.73,17.2,0.868,28.0,0,3,5.7,8.0,78.6,C,Pass
STU0420,S24,A,23,Senior,No,STEM,2.95,7.7,0.613,0.0,5,2,6.6,5.0,77.2,C,Pass
STU0421,S24,A,19,Sophomore,No,STEM,4.0,7.1,0.675,0.0,0,0,5.6,1.0,93.9,A,Pass
STU0422,F23,B,26,Junior,No,Non-STEM,4.0,7.0,0.85,6.6,2,2,,4.0,91.3,A,Pass
STU0423,S24,B,20,Senior,No,Non-STEM,2.73,10.5,0.896,32.6,2,1,6.3,9.0,63.8,D,Pass
STU0424,F24,C,24,Freshman,Yes,Non-STEM,3.58,19.7,0.673,9.4,1,3,5.1,5.0,81.6,B,Pass
STU0425,F23,A,20,Sophomore,No,STEM,3.35,6.8,0.888,0.0,2,1,7.4,4.0,74.2,C,Pass
STU0426,S24,A,20,Sophomore,No,Non-STEM,3.86,0.8,0.857,0.0,2,2,4.9,2.0,85.4,B,Pass
STU0427,S25,A,21,Junior,No,Non-STEM,2.22,14.2,0.787,0.0,3,1,5.7,7.0,82.2,B,Pass
STU0428,F24,B,20,Freshman,No,STEM,3.38,8.6,0.929,0.0,2,3,4.1,3.0,80.1,B,Pass
STU0429,S25,C,19,Freshman,No,STEM,3.64,11.5,0.692,1.1,0,0,4.9,1.0,76.3,C,Pass
STU0430,F24,A,30,Junior,No,STEM,1.67,2.2,0.766,12.1,4,2,7.0,7.0,62.4,D,Pass
STU0431,S25,A,22,Sophomore,No,STEM,2.07,5.6,0.755,0.0,3,0,4.2,7.0,69.3,D,Pass
STU0432,S24,A,19,Sophomore,No,Non-STEM,1.47,13.5,0.815,2.8,5,3,4.9,6.0,68.6,D,Pass
STU0433,F24,B,19,Sophomore,No,STEM,2.71,3.0,0.764,13.1,2,4,6.8,9.0,66.1,D,Pass
STU0434,F23,B,20,Freshman,Yes,Non-STEM,3.4,11.1,0.618,0.0,1,2,6.1,,77.4,C,Pass
STU0435,F23,B,21,Sophomore,Yes,Non-STEM,3.95,8.0,0.828,11.1,0,2,9.4,5.0,86.3,B,Pass
STU0436,S25,C,25,Sophomore,Yes,STEM,2.95,4.8,0.963,2.1,1,4,9.2,5.0,76.3,C,Pass
STU0437,S25,B,23,Senior,No,Non-STEM,4.0,4.5,0.841,16.0,0,2,5.7,5.0,72.4,C,Pass
STU0438,S25,A,22,Freshman,No,STEM,1.93,3.8,0.87,0.0,8,2,7.5,6.0,62.8,D,Pass
STU0439,F24,A,19,Senior,No,Non-STEM,1.71,8.6,0.814,7.5,4,2,7.8,7.0,65.3,D,Pass
STU0440,F23,B,24,Sophomore,Yes,STEM,2.86,9.3,0.946,11.0,6,2,6.0,7.0,76.7,C,Pass
STU0441,S24,B,19,Freshman,No,Non-STEM,3.17,6.3,0.951,0.0,3,0,4.9,3.0,78.2,C,Pass
STU0442,F24,B,22,Junior,No,Non-STEM,2.88,3.6,0.819,0.0,3,3,,3.0,69.8,D,Pass
STU0443,S25,B,23,Freshman,No,Non-STEM,1.45,10.9,0.803,4.3,5,2,6.6,5.0,65.9,D,Pass
STU0444,F23,B,23,Senior,No,Non-STEM,2.84,14.4,0.845,0.0,4,0,6.2,,75.3,C,Pass
STU0445,S25,C,23,Senior,No,Non-STEM,1.99,12.2,0.639,2.1,3,3,7.4,7.0,69.5,D,Pass
STU0446,S24,B,23,Freshman,Yes,STEM,3.37,25.9,0.702,14.0,1,1,5.8,6.0,85.8,B,Pass
STU0447,S24,C,23,Freshman,Yes,Non-STEM,3.16,7.3,0.927,0.0,3,0,5.3,3.0,73.8,C,Pass
STU0448,F23,A,19,Sophomore,Yes,Non-STEM,2.24,18.6,0.841,0.0,4,2,6.9,7.0,79.3,C,Pass
STU0449,F24,B,19,Sophomore,No,Non-STEM,2.54,5.1,0.745,3.4,5,4,7.3,6.0,75.2,C,Pass
STU0450,S24,C,26,Sophomore,Yes,STEM,2.16,4.5,0.826,0.0,3,4,5.3,6.0,61.0,D,Pass
STU0451,S24,B,26,Freshman,No,STEM,2.86,8.9,0.676,3.6,3,4,8.0,4.0,75.8,C,Pass
STU0452,S24,C,20,Sophomore,No,Non-STEM,3.57,21.1,0.793,25.6,1,3,4.5,7.0,77.3,C,Pass
STU0453,S24,C,23,Freshman,No,Non-STEM,2.21,6.7,0.666,26.7,3,0,6.0,8.0,59.5,F,Fail
STU0454,S25,A,24,Junior,No,STEM,3.25,2.2,0.815,2.6,1,1,6.5,4.0,73.0,C,Pass
STU0455,S25,B,22,Junior,Yes,Non-STEM,2.53,14.2,0.805,11.4,3,3,6.0,8.0,72.1,C,Pass
STU0456,F24,A,26,Sophomore,No,Non-STEM,2.34,7.8,0.91,0.0,6,1,6.1,,80.2,B,Pass
STU0457,F23,C,21,Senior,No,Non-STEM,2.83,10.0,0.914,6.0,2,2,9.2,6.0,68.4,D,Pass
STU0458,F23,C,21,Freshman,Yes,Non-STEM,2.18,4.7,0.931,15.0,5,2,,,54.4,F,Fail
STU0459,F23,A,26,Freshman,No,STEM,2.51,8.9,0.75,0.0,3,1,10.0,4.0,69.4,D,Pass
STU0460,S24,A,19,Sophomore,No,STEM,2.06,2.5,0.877,0.0,3,4,7.4,5.0,62.7,D,Pass
STU0461,S25,B,25,Sophomore,No,STEM,4.0,23.8,0.846,4.0,0,2,6.9,4.0,95.5,A,Pass
STU0462,S25,A,29,Sophomore,No,Non-STEM,2.92,15.9,0.82,0.0,1,2,7.4,5.0,75.5,C,Pass
STU0463,F24,A,24,Senior,No,Non-STEM,2.41,8.6,0.682,1.3,3,5,10.0,5.0,72.0,C,Pass
STU0464,F23,B,22,Senior,No,STEM,3.05,14.0,0.779,15.2,2,2,5.5,7.0,77.6,C,Pass
STU0465,S25,B,19,Sophomore,Yes,Non-STEM,2.82,5.1,0.887,0.0,3,1,5.3,8.0,73.4,C,Pass
STU0466,F24,A,23,Junior,Yes,Non-STEM,2.75,15.4,0.985,14.8,4,2,5.8,6.0,76.4,C,Pass
STU0467,F23,C,20,Freshman,Yes,STEM,3.33,6.5,0.802,0.0,1,3,6.8,2.0,76.8,C,Pass
STU0468,S24,C,21,Freshman,No,STEM,3.43,6.2,0.919,0.0,1,3,4.6,6.0,75.6,C,Pass
STU0469,S25,C,24,Junior,No,Non-STEM,2.53,4.0,0.861,4.9,2,3,,8.0,64.1,D,Pass
STU0470,S25,C,20,Sophomore,No,STEM,2.5,10.8,0.854,0.0,3,3,9.0,6.0,70.7,C,Pass
STU0471,F23,A,20,Sophomore,No,Non-STEM,2.71,8.4,0.731,5.0,2,1,7.0,4.0,85.9,B,Pass
STU0472,S24,A,21,Freshman,No,Non-STEM,1.29,18.9,0.737,19.5,4,3,6.4,8.0,69.3,D,Pass
STU0473,S24,A,28,Sophomore,No,Non-STEM,1.84,3.6,0.788,27.3,8,4,6.0,7.0,71.7,C,Pass
STU0474,S25,C,24,Freshman,No,Non-STEM,3.86,10.9,0.83,0.0,2,1,8.0,5.0,79.4,C,Pass
STU0475,F23,C,20,Sophomore,Yes,Non-STEM,4.0,16.8,0.679,0.0,0,0,5.7,2.0,85.0,B,Pass
STU0476,F24,C,21,Freshman,No,Non-STEM,2.73,9.4,0.715,0.4,2,5,9.2,5.0,65.0,D,Pass
STU0477,S25,C,27,Freshman,No,Non-STEM,3.3,6.4,0.981,25.4,1,3,9.3,5.0,67.3,D,Pass
STU0478,S24,B,19,Freshman,Yes,Non-STEM,3.12,9.2,0.944,0.2,3,4,7.1,5.0,88.1,B,Pass
STU0479,F24,B,28,Freshman,No,STEM,4.0,18.0,0.545,34.8,0,4,6.8,6.0,75.7,C,Pass
STU0480,F23,B,20,Senior,No,STEM,3.68,18.0,0.656,0.0,0,2,8.1,4.0,95.6,A,Pass
STU0481,S24,A,28,Freshman,Yes,Non-STEM,2.81,7.6,0.715,0.0,3,2,8.2,,69.7,D,Pass
STU0482,F24,A,25,Freshman,Yes,Non-STEM,2.23,17.8,0.858,31.0,3,2,5.8,7.0,65.3,D,Pass
STU0483,S25,B,20,Sophomore,Yes,STEM,1.78,8.1,0.766,0.0,4,0,6.1,7.0,63.1,D,Pass
STU0484,S24,B,25,Sophomore,No,STEM,3.04,13.9,0.706,0.0,2,3,5.1,5.0,77.4,C,Pass
STU0485,F23,B,19,Freshman,No,Non-STEM,2.37,11.7,0.709,9.6,3,2,7.3,5.0,74.7,C,Pass
STU0486,S24,B,26,Freshman,No,STEM,1.9,6.2,0.731,0.0,4,2,7.7,9.0,66.2,D,Pass
STU0487,S25,A,20,Senior,No,Non-STEM,2.45,4.1,0.879,0.0,3,2,5.0,6.0,69.1,D,Pass
STU0488,F23,B,26,Junior,No,Non-STEM,2.14,17.1,0.803,0.0,3,2,6.2,,73.1,C,Pass
STU0489,S25,B,19,Sophomore,No,Non-STEM,4.0,20.0,0.554,15.6,0,1,5.0,,81.1,B,Pass
STU0490,F24,B,20,Sophomore,No,STEM,3.52,10.7,0.808,0.0,2,1,5.6,7.0,75.1,C,Pass
STU0491,S24,C,29,Freshman,No,STEM,2.89,8.1,0.816,33.1,2,1,7.5,8.0,59.5,F,Fail
STU0492,S25,B,24,Freshman,No,STEM,3.94,3.2,0.994,2.2,0,1,5.8,5.0,85.8,B,Pass
STU0493,F24,B,20,Sophomore,No,STEM,2.95,16.8,0.868,0.0,3,5,6.4,3.0,72.6,C,Pass
STU0494,F23,C,23,Senior,No,Non-STEM,2.3,9.9,0.742,3.7,5,1,4.7,6.0,74.3,C,Pass
STU0495,F23,C,23,Freshman,No,Non-STEM,3.97,6.9,0.899,0.0,2,1,7.0,,79.3,C,Pass
STU0496,F24,C,22,Junior,Yes,STEM,3.28,14.1,0.768,0.0,2,2,6.7,,74.5,C,Pass
STU0497,F24,A,23,Freshman,Yes,STEM,2.17,2.8,0.824,40.0,3,2,5.9,10.0,61.2,D,Pass
STU0498,F23,A,27,Freshman,No,STEM,2.77,3.8,0.843,4.5,4,1,6.6,6.0,80.0,B,Pass
STU0499,S25,A,25,Freshman,Yes,Non-STEM,2.29,5.0,0.829,0.0,4,3,7.0,6.0,76.3,C,Pass
STU0500,F24,A,24,Freshman,No,Non-STEM,1.93,11.5,0.843,0.0,3,3,5.7,4.0,75.0,C,Pass
STU0501,S25,C,20,Senior,No,Non-STEM,3.55,9.3,0.584,15.3,4,1,4.9,4.0,77.5,C,Pass
STU0502,F23,B,19,Sophomore,Yes,Non-STEM,4.0,12.3,0.736,0.0,0,1,9.1,3.0,78.0,C,Pass
STU0503,S25,A,22,Freshman,Yes,Non-STEM,1.92,16.1,0.847,0.0,9,4,6.0,6.0,71.8,C,Pass
STU0504,S25,A,25,Senior,Yes,Non-STEM,3.29,12.6,0.583,0.0,4,3,6.7,6.0,75.7,C,Pass
STU0505,F24,A,18,Senior,Yes,STEM,2.44,24.1,0.467,0.0,4,2,8.1,4.0,87.1,B,Pass
STU0506,S25,B,21,Junior,No,Non-STEM,2.56,16.1,0.699,0.7,6,0,10.0,5.0,75.0,C,Pass
STU0507,S25,C,24,Senior,No,STEM,2.49,7.6,0.928,0.0,4,2,5.2,7.0,72.9,C,Pass
STU0508,S25,C,28,Freshman,No,Non-STEM,2.3,5.6,0.763,0.0,3,2,7.4,5.0,68.8,D,Pass
STU0509,F23,C,18,Junior,No,STEM,2.93,7.7,0.668,3.1,2,1,5.9,6.0,65.1,D,Pass
STU0510,F23,A,22,Junior,No,Non-STEM,2.32,12.9,0.941,8.7,2,2,6.1,6.0,71.6,C,Pass
STU0511,S24,A,21,Senior,No,STEM,3.09,6.0,0.582,0.0,2,2,,5.0,81.4,B,Pass
STU0512,F23,A,22,Junior,No,Non-STEM,2.86,13.1,0.888,0.0,3,1,,5.0,76.4,C,Pass
STU0513,F23,B,24,Freshman,No,STEM,2.73,12.2,0.769,0.0,2,3,6.7,6.0,75.8,C,Pass
STU0514,S24,C,19,Junior,Yes,Non-STEM,2.26,4.0,0.544,10.0,3,3,4.9,4.0,56.1,F,Fail
STU0515,S24,B,20,Freshman,Yes,Non-STEM,2.5,15.9,0.83,5.3,3,1,8.0,5.0,74.4,C,Pass
STU0516,F24,C,20,Freshman,Yes,STEM,3.43,10.5,0.78,5.8,3,3,6.9,5.0,76.0,C,Pass
STU0517,F24,B,21,Freshman,Yes,Non-STEM,3.25,23.4,0.777,6.4,1,0,7.3,6.0,80.7,B,Pass
STU0518,F23,A,27,Senior,No,Non-STEM,2.22,8.1,0.85,15.6,3,3,6.2,9.0,62.4,D,Pass
STU0519,S25,A,20,Freshman,Yes,STEM,2.97,6.7,0.792,7.2,1,1,6.3,5.0,76.5,C,Pass
STU0520,F24,B,20,Sophomore,No,Non-STEM,3.43,3.6,0.88,23.3,2,0,7.2,,65.8,D,Pass
STU0521,F24,C,19,Sophomore,No,Non-STEM,1.73,3.6,0.769,0.0,4,2,5.3,5.0,55.9,F,Fail
STU0522,F23,A,21,Senior,No,Non-STEM,3.28,14.8,0.972,4.9,2,2,6.3,7.0,79.0,C,Pass
STU0523,S25,C,22,Freshman,No,STEM,2.44,22.0,0.76,0.0,3,4,5.7,7.0,75.1,C,Pass
STU0524,S24,C,22,Junior,Yes,Non-STEM,3.3,7.7,0.9,0.0,1,1,5.6,3.0,81.2,B,Pass
STU0525,S24,B,30,Senior,No,Non-STEM,2.37,7.3,0.891,2.7,6,1,4.1,6.0,76.7,C,Pass
STU0526,F23,C,25,Sophomore,Yes,Non-STEM,1.64,8.6,0.765,0.0,4,2,8.5,6.0,59.3,F,Fail
STU0527,F23,B,22,Sophomore,No,Non-STEM,1.76,16.6,0.691,2.8,4,2,5.9,7.0,79.1,C,Pass
STU0528,S25,B,24,Junior,No,STEM,2.93,4.1,0.922,25.1,1,1,8.3,7.0,62.9,D,Pass
STU0529,F23,C,21,Senior,No,STEM,3.08,9.6,0.901,0.0,2,2,8.2,4.0,81.9,B,Pass
STU0530,F23,C,30,Junior,No,Non-STEM,2.27,15.0,0.785,7.3,3,3,5.1,8.0,64.3,D,Pass
STU0531,F23,A,26,Freshman,No,Non-STEM,3.35,11.4,0.917,0.0,1,3,5.4,4.0,79.4,C,Pass
STU0532,S25,B,25,Senior,Yes,Non-STEM,1.74,0.5,0.886,0.0,4,5,,,58.4,F,Fail
STU0533,F23,A,28,Sophomore,Yes,STEM,2.85,12.6,0.747,5.8,2,1,9.1,5.0,78.3,C,Pass
STU0534,F24,A,30,Sophomore,No,Non-STEM,2.05,11.4,0.805,24.4,4,3,6.8,10.0,68.2,D,Pass
STU0535,S25,B,20,Junior,No,STEM,2.44,18.6,0.813,10.1,4,1,,5.0,79.0,C,Pass
STU0536,F24,C,27,Freshman,No,Non-STEM,2.93,20.9,0.715,0.0,2,2,,4.0,74.7,C,Pass
STU0537,S25,B,24,Junior,Yes,Non-STEM,2.3,18.0,0.815,0.8,4,2,7.4,8.0,70.1,C,Pass
STU0538,F24,A,23,Sophomore,No,Non-STEM,2.63,8.7,0.931,0.0,2,5,5.9,5.0,72.0,C,Pass
STU0539,S25,A,29,Senior,No,STEM,3.6,2.1,0.89,20.6,1,3,4.2,8.0,72.4,C,Pass
STU0540,S24,B,20,Freshman,No,Non-STEM,2.5,7.3,0.997,0.0,2,4,5.1,,70.7,C,Pass
STU0541,F23,A,22,Sophomore,No,Non-STEM,3.48,8.5,0.868,21.4,1,3,,6.0,72.6,C,Pass
STU0542,F23,A,22,Junior,No,Non-STEM,2.11,21.8,0.977,0.0,3,4,5.3,3.0,83.0,B,Pass
STU0543,S25,C,24,Freshman,Yes,STEM,3.27,4.7,0.757,0.0,2,3,6.7,5.0,83.8,B,Pass
STU0544,F24,A,24,Freshman,No,Non-STEM,3.91,2.8,0.926,0.2,1,2,5.4,4.0,80.3,B,Pass
STU0545,S24,B,27,Senior,Yes,STEM,1.17,6.1,0.971,4.3,9,1,5.8,9.0,57.0,F,Fail
STU0546,F24,C,23,Freshman,Yes,Non-STEM,2.34,4.9,0.674,14.4,3,1,7.9,9.0,63.1,D,Pass
STU0547,F23,A,30,Senior,No,STEM,3.3,2.6,0.861,18.7,2,0,7.1,5.0,70.7,C,Pass
STU0548,F23,B,24,Freshman,No,STEM,2.76,7.8,0.499,4.2,4,2,,7.0,72.0,C,Pass
STU0549,F24,B,20,Sophomore,No,STEM,3.16,8.7,0.88,8.2,2,2,7.9,7.0,71.9,C,Pass
STU0550,S25,B,21,Junior,No,STEM,2.48,2.5,0.888,0.0,2,2,7.4,7.0,77.6,C,Pass
STU0551,S25,B,25,Junior,No,STEM,2.96,6.6,0.692,6.3,2,5,8.7,6.0,73.8,C,Pass
STU0552,F24,A,24,Sophomore,Yes,Non-STEM,2.79,4.7,0.701,0.0,2,4,6.2,2.0,71.4,C,Pass
STU0553,F23,C,24,Sophomore,No,STEM,3.72,8.9,0.806,1.8,0,1,6.2,4.0,75.8,C,Pass
STU0554,F24,C,30,Junior,Yes,Non-STEM,3.08,9.5,0.875,2.6,3,1,5.1,3.0,72.3,C,Pass
STU0555,F23,A,26,Freshman,No,STEM,3.14,4.7,0.657,0.7,1,2,6.2,,82.5,B,Pass
STU0556,F24,A,21,Sophomore,No,Non-STEM,2.61,15.8,0.769,2.6,2,1,8.1,7.0,72.0,C,Pass
STU0557,S25,A,22,Freshman,No,Non-STEM,2.56,8.4,0.691,0.1,4,3,8.5,6.0,70.6,C,Pass
STU0558,S24,A,21,Sophomore,No,STEM,2.6,4.9,0.972,11.8,4,2,8.0,8.0,68.5,D,Pass
STU0559,F23,B,20,Freshman,Yes,Non-STEM,3.18,2.3,0.824,0.0,2,2,4.5,5.0,72.7,C,Pass
STU0560,S24,A,30,Freshman,No,STEM,2.61,9.8,0.705,40.0,4,3,8.2,7.0,64.6,D,Pass
STU0561,S25,A,24,Sophomore,Yes,Non-STEM,3.1,11.4,0.903,0.0,2,3,4.4,1.0,75.3,C,Pass
STU0562,F24,C,19,Freshman,Yes,Non-STEM,4.0,5.8,0.772,5.1,0,0,8.0,4.0,76.6,C,Pass
STU0563,S25,A,29,Freshman,Yes,STEM,3.51,9.1,0.944,0.0,1,3,6.3,4.0,83.6,B,Pass
STU0564,S24,C,20,Junior,No,STEM,2.67,20.9,0.654,0.0,3,2,7.7,4.0,74.4,C,Pass
STU0565,S25,C,23,Sophomore,No,STEM,3.74,14.3,0.858,0.0,4,1,5.1,2.0,87.0,B,Pass
STU0566,S25,A,23,Senior,No,STEM,2.61,1.1,0.89,0.0,2,0,8.3,4.0,77.3,C,Pass
STU0567,F24,C,19,Junior,No,Non-STEM,1.47,4.8,0.909,33.8,5,2,4.9,9.0,50.3,F,Fail
STU0568,S24,C,18,Freshman,No,Non-STEM,2.19,7.5,0.851,0.0,3,1,5.9,7.0,67.0,D,Pass
STU0569,S24,B,25,Sophomore,No,STEM,1.59,8.7,0.76,9.2,5,1,5.5,8.0,50.2,F,Fail
STU0570,S24,A,28,Freshman,No,STEM,2.65,9.2,0.852,0.0,2,2,4.5,8.0,72.3,C,Pass
STU0571,F23,B,23,Junior,No,STEM,2.91,11.0,0.641,12.7,2,3,6.9,5.0,77.2,C,Pass
STU0572,S25,C,30,Senior,No,STEM,4.0,7.7,0.833,5.9,2,1,9.1,6.0,77.5,C,Pass
STU0573,S24,B,21,Sophomore,Yes,Non-STEM,3.13,8.3,0.794,12.5,2,0,10.0,6.0,70.8,C,Pass
STU0574,S25,A,19,Junior,No,STEM,2.75,14.8,0.675,0.5,2,3,6.9,6.0,89.7,B,Pass
STU0575,F24,B,24,Freshman,No,Non-STEM,3.48,9.9,0.973,0.0,1,0,8.3,4.0,92.0,A,Pass
STU0576,F24,B,20,Sophomore,Yes,STEM,1.35,3.3,0.547,7.3,5,4,7.1,9.0,56.7,F,Fail
STU0577,F23,B,22,Senior,No,STEM,3.06,8.9,0.871,0.0,2,2,7.4,5.0,83.0,B,Pass
STU0578,F23,C,27,Freshman,Yes,Non-STEM,3.44,7.5,0.958,26.3,3,1,6.4,6.0,60.0,D,Pass
STU0579,F24,B,21,Freshman,Yes,Non-STEM,1.86,1.6,0.776,1.3,8,1,7.1,6.0,58.2,F,Fail
STU0580,S24,C,22,Sophomore,Yes,Non-STEM,3.7,9.2,0.794,0.0,1,0,7.5,4.0,77.2,C,Pass
STU0581,F24,C,27,Junior,No,Non-STEM,3.14,3.7,0.826,2.8,2,1,6.0,6.0,69.1,D,Pass
STU0582,S25,B,22,Sophomore,No,Non-STEM,2.61,14.9,0.914,6.0,5,0,6.7,4.0,74.4,C,Pass
STU0583,F23,A,24,Senior,No,STEM,3.34,10.9,0.965,0.0,1,2,6.7,4.0,71.5,C,Pass
STU0584,F23,C,25,Freshman,Yes,Non-STEM,4.0,3.2,0.654,0.0,1,1,7.9,4.0,78.9,C,Pass
STU0585,F24,C,22,Sophomore,No,Non-STEM,3.03,14.5,0.99,0.0,1,2,5.4,5.0,81.2,B,Pass
STU0586,S24,A,22,Junior,No,STEM,3.07,18.7,0.888,8.4,3,2,6.7,8.0,90.5,A,Pass
STU0587,S24,B,22,Freshman,Yes,Non-STEM,2.58,6.9,0.891,19.4,3,1,9.3,8.0,63.8,D,Pass
STU0588,S25,A,21,Junior,No,STEM,2.31,7.5,0.78,0.0,5,0,8.3,6.0,68.0,D,Pass
STU0589,F23,C,24,Freshman,Yes,STEM,3.48,13.7,0.816,0.0,3,0,8.6,5.0,67.3,D,Pass
STU0590,F24,C,21,Freshman,Yes,Non-STEM,2.3,17.9,0.893,22.7,3,0,6.8,8.0,66.7,D,Pass
STU0591,F24,A,21,Freshman,No,Non-STEM,2.95,2.0,0.603,14.7,3,3,7.2,7.0,72.5,C,Pass
STU0592,F23,C,20,Senior,No,Non-STEM,2.57,3.5,0.817,0.0,4,1,8.1,,65.5,D,Pass
STU0593,F24,A,28,Sophomore,Yes,STEM,3.24,6.1,0.88,0.0,1,3,8.8,4.0,91.3,A,Pass
STU0594,F23,C,19,Junior,Yes,Non-STEM,3.13,6.6,0.806,25.9,1,2,4.3,5.0,65.3,D,Pass
STU0595,S24,B,30,Freshman,Yes,Non-STEM,3.63,13.4,0.942,0.0,0,2,5.1,6.0,84.5,B,Pass
STU0596,S24,A,22,Sophomore,Yes,STEM,2.54,18.0,0.564,0.0,3,2,8.5,5.0,71.9,C,Pass
STU0597,F24,A,21,Sophomore,Yes,Non-STEM,2.71,18.8,0.733,3.8,2,3,6.4,5.0,82.0,B,Pass
STU0598,S24,A,20,Senior,No,Non-STEM,2.21,2.0,0.438,19.5,4,1,5.9,,48.5,F,Fail
STU0599,S24,B,20,Junior,No,Non-STEM,2.59,4.5,0.831,0.0,2,0,5.2,6.0,73.0,C,Pass
STU0600,S25,B,21,Junior,No,STEM,3.16,5.3,0.955,0.0,4,2,6.1,3.0,80.8,B,Pass
STU0601,F23,A,30,Freshman,No,STEM,3.43,4.5,0.741,0.0,1,1,5.0,4.0,85.1,B,Pass
STU0602,F23,A,21,Sophomore,No,Non-STEM,2.25,10.8,0.885,0.0,3,2,9.5,5.0,70.7,C,Pass
STU0603,F24,A,24,Sophomore,Yes,Non-STEM,3.51,11.7,0.786,6.0,1,2,6.8,2.0,84.7,B,Pass
STU0604,F23,C,22,Senior,Yes,Non-STEM,3.85,8.3,0.979,0.0,1,2,6.7,3.0,85.0,B,Pass
STU0605,S25,C,30,Freshman,No,STEM,3.19,7.7,0.708,25.5,1,2,7.6,7.0,69.2,D,Pass
STU0606,F24,A,23,Freshman,Yes,Non-STEM,4.0,6.3,0.776,6.4,0,2,8.1,4.0,79.3,C,Pass
STU0607,F24,B,19,Sophomore,Yes,Non-STEM,2.36,6.9,0.686,0.0,3,3,8.0,3.0,58.2,F,Fail
STU0608,F23,A,21,Freshman,Yes,STEM,2.03,20.8,0.959,0.0,5,3,8.2,8.0,80.8,B,Pass
STU0609,S24,C,30,Freshman,No,Non-STEM,1.65,12.8,0.722,0.0,6,2,6.0,6.0,63.4,D,Pass
STU0610,S24,C,26,Senior,No,Non-STEM,3.95,6.5,0.932,3.4,0,2,6.4,4.0,77.2,C,Pass
STU0611,S24,B,22,Sophomore,No,STEM,3.36,7.6,0.618,13.7,2,3,7.8,6.0,76.8,C,Pass
STU0612,S24,C,20,Senior,No,STEM,2.86,11.0,0.807,0.0,3,2,6.1,4.0,73.7,C,Pass
STU0613,S25,C,20,Junior,No,Non-STEM,3.1,3.2,0.797,1.4,1,2,6.8,6.0,63.4,D,Pass
STU0614,F24,C,20,Freshman,No,Non-STEM,2.11,9.1,0.89,6.4,8,3,7.3,6.0,56.5,F,Fail
STU0615,S24,B,19,Sophomore,Yes,Non-STEM,4.0,12.3,0.948,12.5,2,2,7.8,4.0,79.4,C,Pass
STU0616,S25,A,25,Freshman,Yes,STEM,2.99,11.4,0.839,0.0,1,0,4.5,6.0,91.0,A,Pass
STU0617,F24,A,24,Senior,Yes,STEM,2.98,4.6,0.64,2.4,1,4,7.7,7.0,76.6,C,Pass
STU0618,F23,A,23,Sophomore,Yes,Non-STEM,3.41,5.2,0.735,1.0,1,0,6.5,6.0,78.8,C,Pass
STU0619,F23,B,29,Sophomore,Yes,Non-STEM,3.24,1.4,0.636,0.0,1,3,7.7,6.0,70.6,C,Pass
STU0620,S25,A,25,Freshman,Yes,STEM,3.06,13.2,0.96,3.6,3,3,7.8,4.0,81.9,B,Pass
STU0621,F24,A,19,Sophomore,No,Non-STEM,2.35,26.1,0.92,0.0,3,4,8.9,3.0,92.6,A,Pass
STU0622,S24,B,22,Freshman,No,STEM,3.23,4.1,0.763,0.0,3,0,8.6,7.0,71.7,C,Pass
STU0623,F24,A,26,Sophomore,No,STEM,4.0,16.1,0.827,0.0,1,2,8.6,7.0,93.2,A,Pass
STU0624,S24,B,22,Junior,No,STEM,3.84,24.8,0.859,2.2,1,2,8.7,6.0,90.4,A,Pass
STU0625,S25,C,23,Junior,No,STEM,4.0,5.9,0.894,0.0,1,1,7.2,3.0,90.9,A,Pass
STU0626,S24,C,19,Freshman,No,Non-STEM,2.54,7.7,0.906,17.6,2,0,6.8,5.0,70.2,C,Pass
STU0627,S25,B,21,Sophomore,No,Non-STEM,2.21,9.7,0.92,10.9,3,2,7.9,5.0,75.9,C,Pass
STU0628,F24,B,24,Senior,Yes,Non-STEM,2.81,11.1,0.648,0.0,3,2,7.8,3.0,72.7,C,Pass
STU0629,F24,B,22,Freshman,Yes,Non-STEM,2.94,10.1,0.759,3.7,1,0,6.4,5.0,80.2,B,Pass
STU0630,S24,A,19,Senior,No,Non-STEM,3.67,6.2,0.877,1.6,0,2,7.3,,80.0,B,Pass
STU0631,F24,C,26,Freshman,No,Non-STEM,1.72,12.2,0.922,8.6,6,3,6.8,7.0,64.8,D,Pass
STU0632,S24,A,22,Junior,Yes,Non-STEM,3.97,6.3,0.911,10.6,1,3,5.7,,90.8,A,Pass
STU0633,F24,A,23,Sophomore,Yes,Non-STEM,2.79,10.5,0.712,5.3,2,4,8.5,8.0,69.8,D,Pass
STU0634,F23,C,19,Sophomore,No,Non-STEM,2.6,8.1,0.784,0.0,4,2,6.9,5.0,70.9,C,Pass
STU0635,S24,A,19,Senior,Yes,Non-STEM,2.19,1.8,0.775,5.4,5,4,9.5,,68.0,D,Pass
STU0636,S25,B,23,Freshman,No,STEM,1.74,17.5,0.865,0.0,4,3,4.7,9.0,72.4,C,Pass
STU0637,F23,A,28,Freshman,Yes,Non-STEM,3.48,5.3,0.936,27.8,0,1,6.1,7.0,71.8,C,Pass
STU0638,S25,A,26,Sophomore,No,Non-STEM,2.95,18.6,0.705,0.0,5,1,6.8,4.0,93.8,A,Pass
STU0639,F24,A,25,Junior,Yes,Non-STEM,2.0,15.7,0.503,5.8,4,2,8.3,8.0,63.5,D,Pass
STU0640,F23,A,23,Freshman,No,STEM,1.99,9.5,0.907,1.8,3,2,7.3,6.0,78.9,C,Pass
STU0641,F24,B,19,Junior,Yes,Non-STEM,2.66,11.5,0.951,11.8,3,2,7.2,5.0,80.1,B,Pass
STU0642,S24,C,18,Sophomore,No,Non-STEM,4.0,12.4,0.881,0.0,1,2,5.3,6.0,92.4,A,Pass
STU0643,S25,B,30,Freshman,No,STEM,2.72,7.2,0.824,0.0,2,3,5.3,7.0,63.7,D,Pass
STU0644,F24,C,22,Junior,No,Non-STEM,1.85,7.4,0.805,3.9,4,2,7.2,7.0,58.0,F,Fail
STU0645,S25,A,21,Freshman,No,STEM,2.73,12.0,0.824,36.0,2,0,5.0,,76.6,C,Pass
STU0646,S25,A,23,Sophomore,No,STEM,2.71,8.1,0.839,0.0,9,3,6.1,3.0,67.5,D,Pass
STU0647,F24,A,20,Freshman,No,Non-STEM,1.01,6.2,0.785,11.1,5,1,7.5,8.0,50.2,F,Fail
STU0648,S24,B,21,Sophomore,No,Non-STEM,2.86,4.6,0.91,0.7,3,5,5.5,4.0,70.8,C,Pass
STU0649,S25,B,30,Sophomore,No,Non-STEM,2.74,10.7,0.671,0.0,5,0,8.9,5.0,75.5,C,Pass
STU0650,F24,B,24,Sophomore,No,Non-STEM,3.39,5.2,0.698,9.1,1,4,8.4,7.0,81.3,B,Pass
STU0651,S24,C,25,Sophomore,Yes,STEM,4.0,14.1,0.894,13.3,5,0,4.8,6.0,80.0,B,Pass
STU0652,F24,B,22,Sophomore,No,STEM,3.69,14.8,0.945,21.4,4,1,5.6,8.0,76.6,C,Pass
STU0653,S24,B,27,Freshman,No,STEM,2.71,11.4,0.847,0.0,5,0,4.0,4.0,76.8,C,Pass
STU0654,S25,C,27,Sophomore,No,STEM,2.13,13.0,0.838,0.5,3,3,5.8,5.0,71.7,C,Pass
STU0655,F23,A,22,Senior,No,Non-STEM,4.0,11.5,0.436,25.3,1,3,,7.0,80.0,B,Pass
STU0656,F24,B,22,Senior,No,Non-STEM,2.94,13.6,0.785,0.0,3,2,6.3,6.0,76.7,C,Pass
STU0657,S25,C,28,Freshman,No,STEM,2.91,13.2,0.806,1.7,8,4,7.4,7.0,64.6,D,Pass
STU0658,F24,B,23,Freshman,No,STEM,2.88,10.4,0.906,7.6,2,2,4.8,6.0,69.6,D,Pass
STU0659,F24,A,21,Senior,No,Non-STEM,3.04,15.8,0.914,10.9,3,2,7.8,9.0,87.3,B,Pass
STU0660,S24,B,22,Sophomore,No,STEM,2.8,7.4,0.941,0.0,2,3,6.1,6.0,75.2,C,Pass
STU0661,F24,B,21,Sophomore,No,Non-STEM,2.5,4.7,0.87,3.9,2,1,6.8,7.0,67.0,D,Pass
STU0662,S24,B,23,Junior,No,Non-STEM,2.52,4.5,0.92,0.4,3,1,6.7,5.0,76.4,C,Pass
STU0663,S25,A,21,Freshman,No,STEM,2.88,6.6,0.628,0.0,4,4,5.1,5.0,68.2,D,Pass
STU0664,F24,C,23,Sophomore,No,STEM,2.52,1.5,0.732,0.0,3,4,5.3,7.0,62.2,D,Pass
STU0665,S25,C,20,Senior,No,Non-STEM,2.4,9.5,0.728,40.0,3,5,8.1,,58.7,F,Fail
STU0666,F23,B,24,Junior,Yes,STEM,2.97,12.5,0.609,12.2,9,4,7.3,7.0,70.4,C,Pass
STU0667,S25,B,24,Freshman,No,STEM,2.72,14.7,0.91,0.0,2,0,8.2,5.0,79.4,C,Pass
STU0668,F24,C,25,Freshman,No,STEM,3.95,2.1,0.846,28.4,1,3,7.2,8.0,68.6,D,Pass
STU0669,F23,A,24,Freshman,Yes,Non-STEM,1.04,4.7,0.553,0.0,5,2,7.0,4.0,52.3,F,Fail
STU0670,S24,A,27,Junior,Yes,Non-STEM,3.66,13.8,0.803,2.0,1,5,4.6,2.0,87.4,B,Pass
STU0671,F23,B,23,Freshman,No,STEM,3.77,7.2,0.651,30.6,1,2,6.4,8.0,64.4,D,Pass
STU0672,F24,C,23,Freshman,No,Non-STEM,1.45,12.3,0.89,17.0,8,2,6.8,8.0,60.5,D,Pass
STU0673,F24,A,21,Senior,No,Non-STEM,2.66,3.1,0.585,0.0,3,2,9.3,6.0,77.6,C,Pass
STU0674,S25,C,26,Freshman,No,Non-STEM,2.64,18.4,0.876,14.8,4,1,7.7,7.0,72.0,C,Pass
STU0675,S24,B,21,Freshman,No,STEM,1.91,2.9,0.773,0.0,3,0,8.8,7.0,57.9,F,Fail
STU0676,F24,B,19,Freshman,No,Non-STEM,2.36,9.3,0.722,0.0,3,4,7.6,4.0,70.7,C,Pass
STU0677,F24,A,21,Freshman,Yes,Non-STEM,2.12,9.5,0.792,14.0,4,3,5.9,8.0,63.2,D,Pass
STU0678,S24,A,26,Sophomore,No,STEM,4.0,5.8,0.945,3.0,0,0,7.0,6.0,87.5,B,Pass
STU0679,S24,C,25,Senior,Yes,STEM,3.55,11.2,0.631,0.0,1,3,7.1,6.0,76.2,C,Pass
STU0680,S25,C,23,Senior,No,STEM,3.79,11.4,0.694,18.3,1,2,5.6,,82.1,B,Pass
STU0681,F23,B,30,Sophomore,No,STEM,3.41,10.6,0.883,18.4,0,2,6.3,6.0,82.0,B,Pass
STU0682,S24,C,24,Sophomore,No,STEM,2.11,5.7,0.842,0.0,3,1,6.5,6.0,64.0,D,Pass
STU0683,F24,C,20,Sophomore,No,Non-STEM,2.53,4.9,0.518,18.9,3,3,8.9,5.0,64.9,D,Pass
STU0684,S24,B,20,Freshman,Yes,Non-STEM,3.24,6.1,0.804,21.9,2,3,4.1,6.0,68.0,D,Pass
STU0685,F24,B,24,Freshman,No,STEM,2.04,4.4,0.824,12.8,7,2,8.4,7.0,63.3,D,Pass
STU0686,S25,B,29,Senior,Yes,Non-STEM,3.4,16.2,0.778,3.1,2,2,5.6,6.0,79.8,C,Pass
STU0687,F23,B,23,Freshman,Yes,Non-STEM,2.73,6.5,0.92,3.8,2,0,5.0,5.0,76.1,C,Pass
STU0688,S25,A,24,Freshman,No,Non-STEM,2.64,9.1,0.784,0.0,6,2,8.3,6.0,83.0,B,Pass
STU0689,S24,B,24,Sophomore,Yes,Non-STEM,3.4,13.8,0.927,1.5,3,1,7.8,5.0,87.2,B,Pass
STU0690,F24,A,30,Sophomore,No,STEM,3.21,4.3,0.762,3.8,1,1,8.4,5.0,81.2,B,Pass
STU0691,S24,C,26,Freshman,No,Non-STEM,2.65,2.8,0.659,0.0,2,2,7.8,6.0,70.3,C,Pass
STU0692,S24,C,28,Freshman,Yes,Non-STEM,3.71,4.4,0.899,7.3,2,4,9.5,4.0,79.6,C,Pass
STU0693,S24,A,20,Sophomore,Yes,Non-STEM,2.14,9.8,0.852,28.7,4,2,7.5,8.0,60.0,D,Pass
STU0694,S24,A,21,Junior,No,Non-STEM,3.33,9.4,0.861,1.3,3,1,6.6,2.0,91.4,A,Pass
STU0695,F23,B,21,Freshman,No,STEM,3.32,10.6,0.9,0.0,3,2,7.2,4.0,90.0,A,Pass
STU0696,F24,B,22,Sophomore,No,STEM,2.68,7.7,0.785,0.0,3,3,8.4,5.0,72.1,C,Pass
STU0697,S24,A,23,Sophomore,No,Non-STEM,3.13,0.7,0.928,1.2,7,3,5.8,4.0,73.8,C,Pass
STU0698,F24,B,24,Senior,No,Non-STEM,2.02,7.5,0.713,0.0,4,3,6.0,7.0,68.8,D,Pass
STU0699,F23,A,22,Freshman,No,Non-STEM,3.55,14.9,0.792,10.1,0,2,6.4,6.0,86.1,B,Pass
STU0700,F24,A,21,Freshman,Yes,STEM,2.77,17.3,0.825,0.0,4,3,4.1,5.0,80.1,B,Pass
STU0701,F24,A,20,Sophomore,No,Non-STEM,2.53,8.7,0.849,0.0,2,0,7.0,7.0,68.2,D,Pass
STU0702,F23,A,24,Junior,No,Non-STEM,3.63,9.4,0.504,0.0,2,1,4.3,5.0,81.2,B,Pass
STU0703,S24,C,25,Freshman,No,Non-STEM,2.41,12.2,0.977,0.0,7,1,6.9,5.0,75.6,C,Pass
STU0704,F24,C,22,Sophomore,No,STEM,1.91,17.0,0.826,0.5,5,2,7.9,,74.3,C,Pass
STU0705,S25,B,19,Freshman,No,STEM,1.81,8.2,0.78,21.9,5,4,6.2,9.0,61.3,D,Pass
STU0706,F24,B,26,Freshman,Yes,Non-STEM,3.32,12.1,0.588,0.0,1,3,9.0,5.0,77.6,C,Pass
STU0707,S24,A,22,Sophomore,No,Non-STEM,2.0,5.5,0.848,0.0,4,0,4.9,8.0,72.4,C,Pass
STU0708,S25,B,19,Freshman,No,Non-STEM,4.0,3.1,0.486,3.0,0,1,8.3,6.0,76.6,C,Pass
STU0709,S24,A,22,Junior,No,Non-STEM,1.44,5.9,0.711,0.0,5,1,7.7,6.0,61.6,D,Pass
STU0710,F24,B,27,Sophomore,Yes,Non-STEM,4.0,19.3,0.729,17.8,1,1,4.6,5.0,83.4,B,Pass
STU0711,F23,C,21,Sophomore,No,STEM,3.05,12.2,0.728,7.7,3,2,10.0,7.0,64.9,D,Pass
STU0712,S24,A,18,Sophomore,No,STEM,2.83,3.4,0.897,11.5,2,4,6.7,8.0,70.0,C,Pass
STU0713,S24,C,22,Sophomore,No,STEM,2.52,12.6,0.828,7.3,3,5,5.7,7.0,72.9,C,Pass
STU0714,F23,A,21,Freshman,Yes,STEM,3.18,3.6,0.725,26.9,3,2,5.0,7.0,70.1,C,Pass
STU0715,F24,B,23,Senior,No,Non-STEM,2.87,10.5,0.626,8.3,2,3,6.5,4.0,80.3,B,Pass
STU0716,S24,A,23,Senior,Yes,Non-STEM,3.67,4.1,0.655,0.0,1,2,6.6,3.0,78.7,C,Pass
STU0717,F24,B,21,Freshman,No,STEM,2.98,3.2,0.894,0.0,3,1,6.9,5.0,75.8,C,Pass
STU0718,F24,A,21,Freshman,No,Non-STEM,3.01,21.3,0.874,0.0,3,2,6.4,5.0,90.5,A,Pass
STU0719,F24,B,28,Freshman,Yes,Non-STEM,2.65,6.5,0.744,3.1,3,2,7.6,4.0,83.1,B,Pass
STU0720,F23,B,24,Junior,No,Non-STEM,2.86,12.1,0.981,6.3,5,3,6.3,6.0,77.4,C,Pass
STU0721,F24,A,24,Junior,No,STEM,3.12,8.5,0.858,21.0,1,1,4.3,8.0,67.6,D,Pass
STU0722,F24,B,26,Junior,No,Non-STEM,1.7,3.8,0.787,0.0,12,1,6.6,5.0,67.2,D,Pass
STU0723,S25,C,22,Junior,No,STEM,1.96,7.0,0.725,8.9,3,1,4.0,8.0,68.8,D,Pass
STU0724,S25,B,30,Sophomore,No,Non-STEM,3.42,3.8,0.904,0.0,0,4,7.3,4.0,76.1,C,Pass
STU0725,S25,A,24,Sophomore,No,Non-STEM,3.02,30.4,0.781,0.0,4,2,,7.0,94.2,A,Pass
STU0726,S24,A,23,Junior,No,STEM,2.77,13.4,0.676,0.0,2,3,7.0,4.0,84.9,B,Pass
STU0727,S24,C,24,Sophomore,No,Non-STEM,2.91,8.4,0.396,0.0,3,3,8.5,3.0,75.0,C,Pass
STU0728,S25,B,22,Sophomore,No,Non-STEM,3.14,11.7,0.924,1.4,3,1,5.6,4.0,80.3,B,Pass
STU0729,F23,B,21,Sophomore,Yes,Non-STEM,2.52,12.9,0.848,0.0,5,2,8.2,5.0,72.2,C,Pass
STU0730,F23,A,27,Sophomore,No,Non-STEM,2.36,12.9,0.763,1.3,9,4,6.2,5.0,74.8,C,Pass
STU0731,S25,B,20,Sophomore,No,STEM,3.04,12.6,0.939,3.8,2,2,9.1,5.0,82.1,B,Pass
STU0732,S24,A,20,Sophomore,No,STEM,2.22,12.0,0.914,23.2,4,4,6.3,8.0,73.5,C,Pass
STU0733,S24,C,22,Junior,No,Non-STEM,3.19,8.8,0.941,5.1,1,1,5.7,5.0,76.4,C,Pass
STU0734,F23,C,20,Sophomore,No,STEM,1.71,20.3,0.882,0.0,4,0,7.7,6.0,69.4,D,Pass
STU0735,F24,A,19,Sophomore,No,Non-STEM,3.62,9.2,0.739,40.0,3,4,6.2,5.0,76.5,C,Pass
STU0736,F23,B,20,Junior,No,STEM,3.23,8.5,0.935,3.7,1,3,5.7,6.0,81.5,B,Pass
STU0737,F24,A,20,Sophomore,No,STEM,3.08,9.2,0.858,0.0,2,5,6.2,5.0,81.5,B,Pass
STU0738,S24,B,24,Freshman,Yes,Non-STEM,3.59,9.7,0.819,14.7,1,2,6.7,8.0,72.3,C,Pass
STU0739,S24,C,22,Freshman,No,STEM,4.0,2.1,0.959,0.0,1,4,8.5,2.0,79.5,C,Pass
STU0740,S25,B,26,Sophomore,No,Non-STEM,3.61,4.4,0.669,0.0,5,3,4.3,2.0,81.7,B,Pass
STU0741,S24,A,20,Sophomore,No,Non-STEM,1.61,7.7,0.708,14.8,4,3,6.8,9.0,54.4,F,Fail
STU0742,F24,A,20,Senior,No,Non-STEM,2.0,2.0,0.787,0.4,4,2,7.6,7.0,55.5,F,Fail
STU0743,F23,C,23,Sophomore,Yes,Non-STEM,2.46,8.4,0.928,0.0,5,1,7.1,4.0,78.5,C,Pass
STU0744,S25,B,21,Sophomore,Yes,STEM,2.92,9.6,0.674,1.8,2,4,8.5,3.0,78.2,C,Pass
STU0745,F24,B,21,Freshman,No,Non-STEM,3.26,3.0,0.728,1.6,1,2,6.7,7.0,75.4,C,Pass
STU0746,F23,A,20,Freshman,No,Non-STEM,2.39,5.2,0.847,2.3,3,2,6.6,8.0,64.8,D,Pass
STU0747,F23,A,20,Junior,No,Non-STEM,3.03,17.7,0.779,0.0,2,2,7.6,1.0,89.5,B,Pass
STU0748,F23,C,20,Freshman,No,Non-STEM,2.37,11.8,0.713,14.2,2,2,6.9,6.0,67.5,D,Pass
STU0749,S24,B,27,Sophomore,Yes,Non-STEM,2.47,11.3,0.868,0.0,5,2,6.3,8.0,64.7,D,Pass
STU0750,F23,B,19,Junior,Yes,Non-STEM,1.92,16.4,0.694,6.1,4,0,7.5,6.0,76.9,C,Pass
STU0751,S24,B,27,Sophomore,No,Non-STEM,2.25,4.5,0.846,0.0,7,4,6.0,5.0,68.7,D,Pass
STU0752,F23,C,26,Senior,No,STEM,1.95,3.0,0.734,0.0,5,2,6.0,6.0,58.7,F,Fail
STU0753,F23,A,21,Sophomore,No,STEM,2.22,15.1,0.858,7.9,4,2,6.1,5.0,73.0,C,Pass
STU0754,S24,A,23,Freshman,No,Non-STEM,3.64,7.8,0.9,0.0,0,0,8.6,2.0,75.5,C,Pass
STU0755,S24,B,24,Senior,No,STEM,2.24,4.4,0.842,0.0,3,0,4.0,7.0,69.1,D,Pass
STU0756,F24,B,25,Senior,Yes,STEM,4.0,2.1,0.949,0.0,0,1,7.3,,84.2,B,Pass
STU0757,F23,C,20,Freshman,No,STEM,3.25,9.3,0.437,35.6,4,3,6.8,8.0,61.8,D,Pass
STU0758,S24,C,25,Freshman,No,Non-STEM,3.03,7.2,0.936,0.0,1,0,4.6,6.0,79.2,C,Pass
STU0759,F24,B,23,Freshman,Yes,STEM,2.3,6.4,0.806,40.0,3,4,7.2,7.0,52.8,F,Fail
STU0760,F24,A,20,Freshman,No,Non-STEM,3.39,1.0,0.872,0.0,1,1,7.4,3.0,75.5,C,Pass
STU0761,S24,C,23,Senior,No,STEM,2.5,20.1,0.915,0.0,2,1,7.6,7.0,72.7,C,Pass
STU0762,F23,B,20,Sophomore,No,Non-STEM,2.99,2.6,0.772,0.0,1,1,4.0,6.0,69.0,D,Pass
STU0763,F24,B,22,Sophomore,No,Non-STEM,4.0,6.8,0.944,7.2,1,0,8.6,4.0,83.5,B,Pass
STU0764,F23,B,21,Senior,No,Non-STEM,2.83,6.1,0.698,0.0,2,3,5.8,7.0,72.9,C,Pass
STU0765,F23,B,23,Sophomore,Yes,STEM,3.7,12.0,0.84,0.0,0,3,7.7,6.0,81.6,B,Pass
STU0766,F24,A,23,Freshman,Yes,Non-STEM,2.41,2.1,0.608,6.4,3,2,7.8,7.0,61.7,D,Pass
STU0767,S24,C,28,Senior,Yes,Non-STEM,2.88,11.1,0.848,15.8,3,1,5.7,5.0,78.9,C,Pass
STU0768,F23,C,25,Junior,No,Non-STEM,4.0,9.3,0.516,0.0,1,1,7.7,3.0,91.6,A,Pass
STU0769,S25,B,24,Junior,Yes,Non-STEM,2.46,5.1,0.894,0.0,3,2,6.3,6.0,70.7,C,Pass
STU0770,S24,B,19,Sophomore,No,Non-STEM,4.0,10.9,0.968,3.5,1,4,4.1,4.0,81.3,B,Pass
STU0771,F24,A,26,Junior,Yes,Non-STEM,3.4,8.3,0.875,0.0,1,1,8.3,6.0,89.3,B,Pass
STU0772,S25,A,21,Freshman,No,Non-STEM,2.51,23.0,0.8,0.0,6,3,5.8,3.0,76.6,C,Pass
STU0773,F23,A,20,Sophomore,Yes,Non-STEM,3.34,7.2,0.582,5.5,1,2,5.7,3.0,75.5,C,Pass
STU0774,S24,A,30,Senior,No,Non-STEM,3.58,4.0,0.943,8.0,2,1,6.3,,75.9,C,Pass
STU0775,S25,C,21,Freshman,Yes,Non-STEM,3.34,11.2,0.968,4.5,4,2,7.2,4.0,72.9,C,Pass
STU0776,S24,C,29,Junior,No,Non-STEM,1.8,6.6,0.746,0.0,6,0,6.7,5.0,61.1,D,Pass
STU0777,F23,B,24,Sophomore,No,STEM,2.39,8.2,0.664,0.0,3,3,7.5,3.0,66.4,D,Pass
STU0778,S24,B,24,Freshman,No,Non-STEM,2.73,3.0,0.82,1.3,2,1,5.1,5.0,69.8,D,Pass
STU0779,S25,A,22,Junior,Yes,Non-STEM,2.85,12.1,0.889,0.0,3,3,5.8,5.0,79.9,C,Pass
STU0780,S24,C,20,Freshman,Yes,Non-STEM,3.33,5.9,0.861,13.0,1,0,6.6,7.0,67.8,D,Pass
STU0781,F24,B,25,Sophomore,No,STEM,3.02,9.8,0.936,36.1,4,4,9.3,8.0,67.8,D,Pass
STU0782,F24,A,23,Freshman,No,Non-STEM,1.97,26.4,0.621,0.0,5,1,6.7,6.0,77.8,C,Pass
STU0783,S25,B,23,Senior,No,Non-STEM,3.17,6.9,0.776,0.6,3,4,8.2,7.0,79.3,C,Pass
STU0784,S24,C,23,Freshman,No,STEM,3.33,13.1,0.964,25.9,1,3,6.9,5.0,73.7,C,Pass
STU0785,S25,C,22,Freshman,No,Non-STEM,3.29,7.3,0.696,23.8,2,5,6.2,8.0,71.0,C,Pass
STU0786,S24,A,25,Freshman,No,STEM,3.66,5.1,0.739,0.0,2,2,6.5,2.0,84.7,B,Pass
STU0787,F23,C,24,Senior,No,Non-STEM,3.48,18.1,0.609,0.0,3,3,6.6,3.0,84.4,B,Pass
STU0788,F24,A,26,Junior,No,Non-STEM,3.22,1.6,0.897,40.0,1,1,7.6,6.0,74.7,C,Pass
STU0789,F23,A,22,Junior,Yes,STEM,2.85,15.3,0.8,0.0,1,1,8.6,6.0,75.8,C,Pass
STU0790,S24,C,22,Sophomore,No,STEM,1.74,1.4,0.471,28.3,4,2,7.3,9.0,46.0,F,Fail
STU0791,F23,C,21,Sophomore,Yes,Non-STEM,3.2,14.3,0.946,0.0,1,1,8.3,5.0,89.0,B,Pass
STU0792,S25,B,23,Freshman,No,STEM,3.05,8.3,0.766,2.5,2,5,5.5,3.0,74.3,C,Pass
STU0793,S25,B,19,Sophomore,No,Non-STEM,3.09,4.0,0.819,0.0,5,0,6.3,4.0,60.1,D,Pass
STU0794,S24,C,30,Freshman,No,Non-STEM,2.01,6.2,0.82,10.5,4,2,5.9,6.0,60.5,D,Pass
STU0795,F24,C,21,Senior,No,Non-STEM,2.14,12.7,0.741,0.0,5,2,7.2,6.0,69.1,D,Pass
STU0796,S25,C,28,Junior,No,STEM,3.64,25.0,0.946,0.0,0,2,6.3,3.0,77.0,C,Pass
STU0797,F24,B,21,Sophomore,No,Non-STEM,2.87,2.2,0.929,0.0,2,2,7.7,7.0,78.3,C,Pass
STU0798,S24,C,25,Freshman,No,Non-STEM,3.38,4.2,0.792,0.6,0,0,5.6,2.0,70.6,C,Pass
STU0799,F24,C,30,Junior,Yes,STEM,2.92,2.8,0.815,0.0,2,2,6.9,4.0,71.5,C,Pass
STU0800,S24,A,24,Freshman,Yes,STEM,2.92,7.2,0.808,11.1,5,1,7.7,,72.3,C,Pass
